Workbook

Sheet KQKD- Bảng 4  (2)
A1: Bảng 4: Bảng dự kiến Doanh thu, chi phí của dự án
D2: 2017 | E2: 2018 | F2: 2019 | G2: 2020 | H2: 2021 | I2: 2022 | J2: 2023 | K2: 2024 | L2: 2025 | M2: 2026 | N2: 2027 | O2: 2028 | P2: 2029 | Q2: 2030 | R2: 2031 | S2: 2032
A3: TT | B3: Chỉ tiêu | D3: Năm thực hiện dự án
D4: 0 | E4: 1 | F4: 2 | G4: 3 | H4: 4 | I4: 5 | J4: 6 | K4: 7 | L4: 8 | M4: 9 | N4: 10 | O4: 11 | P4: 12 | Q4: 13 | R4: 14 | S4: 15
A5: A | B5: Tổng Doanh thu | E5: =E6+E16+E19+E22 -> 71514.893 | F5: =F6+F16+F19+F22 -> 300751.18 | G5: =G6+G16+G19+G22 -> 342853.23 | H5: =H6+H16+H19+H22 -> 351424.56 | I5: =I6+I16+I19+I22 -> 360210.17 | J5: =J6+J16+J19+J22 -> 369215.43 | K5: =K6+K16+K19+K22 -> 378445.81 | L5: =L6+L16+L19+L22 -> 387906.96 | ... S5: =S6+S16+S19+S22 -> 461099.48
A6: 1 | B6: Doanh thu chính | E6: =E11+E7 -> 70864.519 | F6: =F11+F7 -> 294479.08 | G6: =G11+G7 -> 336424.32 | H6: =H11+H7 -> 344834.93 | I6: =I11+I7 -> 353455.8 | J6: =J11+J7 -> 362292.2 | K6: =K11+K7 -> 371349.5 | L6: =L11+L7 -> 380633.24 | ... S6: =S11+S7 -> 452453.31
A7: 1.1 | B7: Doanh thu bán gà giống lông màu | E7: =E10 -> 9466.055 | F7: =F10 -> 32452.106 | G7: =G10 -> 34528.979 | H7: =H10 -> 35392.204 | I7: =I10 -> 36277.009 | J7: =J10 -> 37183.934 | K7: =K10 -> 38113.532 | L7: =L10 -> 39066.37 | ... S7: =S10 -> 46437.638
B8: Số lượng gà con lông màu (Nghìn con) | E8: 1391.9685 | F8: 4282.98 | G8: 4282.98 | H8: 4282.98 | I8: 4282.98 | J8: 4282.98 | K8: 4282.98 | L8: 4282.98 | M8: 4282.98 | N8: 4282.98 | O8: 4282.98 | P8: 4282.98 | Q8: 4282.98 | R8: 4282.98 | S8: 4282.98
B9: Đơn giá bán gà con (Tỷ lệ tăng giá 2,5%) | C9: =7.5*(1-'Thong so - Độ nhậy - Bảng 1'!N24) -> 7.5 | D9: 0.025 | E9: =$C$9*((1+$D$9)^E4) -> 7.6875 | F9: =$C$9*((1+$D$9)^F4) -> 7.8796875 | G9: =$C$9*((1+$D$9)^G4) -> 8.0766797 | H9: =$C$9*((1+$D$9)^H4) -> 8.2785967 | I9: =$C$9*((1+$D$9)^I4) -> 8.4855616 | J9: =$C$9*((1+$D$9)^J4) -> 8.6977006 | K9: =$C$9*((1+$D$9)^K4) -> 8.9151432 | L9: =$C$9*((1+$D$9)^L4) -> 9.1380217 | ... S9: =$C$9*((1+$D$9)^S4) -> 10.862236
B10: Doanh thu bán gà giống thực tế (Độ trễ: 03 tuần) | E10: =E8*E9*23/26 -> 9466.055 | F10: =E9*E8*3/26+F8*F9*37/40 -> 32452.106 | G10: =F9*F8*3/40+G8*G9*37/40 -> 34528.979 | H10: =G9*G8*3/40+H8*H9*37/40 -> 35392.204 | I10: =H9*H8*3/40+I8*I9*37/40 -> 36277.009 | J10: =I9*I8*3/40+J8*J9*37/40 -> 37183.934 | K10: =J9*J8*3/40+K8*K9*37/40 -> 38113.532 | L10: =K9*K8*3/40+L8*L9*37/40 -> 39066.37 | M10: =L9*L8*3/40+M8*M9*37/40 -> 40043.03 | N10: =M9*M8*3/40+N8*N9*37/40 -> 41044.105 | ... S10: =R9*R8*3/40+S8*S9*37/40 -> 46437.638
A11: 1.2 | B11: Doanh thu bán gà lông trắng gia công | E11: =E15 -> 61398.464 | F11: =F15 -> 262026.97 | G11: =G15 -> 301895.34 | H11: =H15 -> 309442.73 | I11: =I15 -> 317178.8 | J11: =J15 -> 325108.27 | K11: =K15 -> 333235.97 | L11: =L15 -> 341566.87 | ... S11: =S15 -> 406015.67
B12: Số lượng gà con lông trắng (Nghìn con) | C12: 2.747 | E12: 1439.9946 | F12: 4430.7525 | G12: 4430.7525 | H12: 4430.7525 | I12: 4430.7525 | J12: 4430.7525 | K12: 4430.7525 | L12: 4430.7525 | M12: 4430.7525 | N12: 4430.7525 | O12: 4430.7525 | P12: 4430.7525 | Q12: 4430.7525 | R12: 4430.7525 | S12: 4430.7525
B13: Đơn giá bán gà thịt (Tỷ lệ tăng giá 2,5%) | C13: =24*(1-'Thong so - Độ nhậy - Bảng 1'!N24) -> 24 | D13: =D9 -> 0.025 | E13: =$C$13*$C$12*((1+$D$13)^E4) -> 67.5762 | F13: =$C$13*$C$12*((1+$D$13)^F4) -> 69.265605 | G13: =$C$13*$C$12*((1+$D$13)^G4) -> 70.997245 | H13: =$C$13*$C$12*((1+$D$13)^H4) -> 72.772176 | I13: =$C$13*$C$12*((1+$D$13)^I4) -> 74.591481 | J13: =$C$13*$C$12*((1+$D$13)^J4) -> 76.456268 | K13: =$C$13*$C$12*((1+$D$13)^K4) -> 78.367674 | L13: =$C$13*$C$12*((1+$D$13)^L4) -> 80.326866 | ... S13: =$C$13*$C$12*((1+$D$13)^S4) -> 95.483402
B14: Hao hụt định mức | C14: 0.035 | E14: =E13*E12*(1-$C$14) -> 93903.533 | F14: =F13*F12*(1-$C$14) -> 296157.3 | G14: =G13*G12*(1-$C$14) -> 303561.23 | H14: =H13*H12*(1-$C$14) -> 311150.26 | I14: =I13*I12*(1-$C$14) -> 318929.02 | J14: =J13*J12*(1-$C$14) -> 326902.24 | K14: =K13*K12*(1-$C$14) -> 335074.8 | L14: =L13*L12*(1-$C$14) -> 343451.67 | ... S14: =S13*S12*(1-$C$14) -> 408256.1
B15: Doanh số bán gia công thực tế (Độ trễ: 09 tuần) | E15: =E14*17/26 -> 61398.464 | F15: =E14/26*9+F14*31/40 -> 262026.97 | G15: =F14/40*9+G14*31/40 -> 301895.34 | H15: =G14/40*9+H14*31/40 -> 309442.73 | I15: =H14/40*9+I14*31/40 -> 317178.8 | J15: =I14/40*9+J14*31/40 -> 325108.27 | K15: =J14/40*9+K14*31/40 -> 333235.97 | L15: =K14/40*9+L14*31/40 -> 341566.87 | M15: =L14/40*9+M14*31/40 -> 350106.04 | N15: =M14/40*9+N14*31/40 -> 358858.69 | ... S15: =R14/40*9+S14*31/40 -> 406015.67
A16: 2 | B16: Doanh thu từ bán trứng loại | E16: =E17*E18 -> 233.65887 | F16: =F17*F18 -> 736.92413 | G16: =G17*G18 -> 755.34724 | H16: =H17*H18 -> 774.23092 | I16: =I17*I18 -> 793.58669 | J16: =J17*J18 -> 813.42636 | K16: =K17*K18 -> 833.76202 | L16: =L17*L18 -> 854.60607 | ... S16: =S17*S18 -> 1015.8581
B17: Số lượng trứng loại | E17: 175.35375 | F17: 539.55 | G17: 539.55 | H17: 539.55 | I17: 539.55 | J17: 539.55 | K17: 539.55 | L17: 539.55 | M17: 539.55 | N17: 539.55 | O17: 539.55 | P17: 539.55 | Q17: 539.55 | R17: 539.55 | S17: 539.55
B18: Đơn giá (Tỷ lệ tăng giá 2,5%) | C18: 1.3 | E18: =$C$18*((1+$D$9)^E4) -> 1.3325 | F18: =$C$18*((1+$D$9)^F4) -> 1.3658125 | G18: =$C$18*((1+$D$9)^G4) -> 1.3999578 | H18: =$C$18*((1+$D$9)^H4) -> 1.4349568 | I18: =$C$18*((1+$D$9)^I4) -> 1.4708307 | J18: =$C$18*((1+$D$9)^J4) -> 1.5076014 | K18: =$C$18*((1+$D$9)^K4) -> 1.5452915 | L18: =$C$18*((1+$D$9)^L4) -> 1.5839238 | ... S18: =$C$18*((1+$D$9)^S4) -> 1.8827876
A19: 3 | B19: Doanh thu từ bán gà thịt tận thu | E19: =E20*E21 -> 0 | F19: =F20*F21 -> 4680.9126 | G19: =G20*G21 -> 4797.9354 | H19: =H20*H21 -> 4917.8838 | I19: =I20*I21 -> 5040.8309 | J19: =J20*J21 -> 5166.8517 | K19: =K20*K21 -> 5296.023 | L19: =L20*L21 -> 5428.4235 | ... S19: =S20*S21 -> 6452.6897
B20: Số lượng gà bán thịt tận thu | E20: 0 | F20: 55.692 | G20: 55.692 | H20: 55.692 | I20: 55.692 | J20: 55.692 | K20: 55.692 | L20: 55.692 | M20: 55.692 | N20: 55.692 | O20: 55.692 | P20: 55.692 | Q20: 55.692 | R20: 55.692 | S20: 55.692
B21: Đơn giá | C21: 80 | E21: =$C$21*((1+$D$9)^E4) -> 82 | F21: =$C$21*((1+$D$9)^F4) -> 84.05 | G21: =$C$21*((1+$D$9)^G4) -> 86.15125 | H21: =$C$21*((1+$D$9)^H4) -> 88.305031 | I21: =$C$21*((1+$D$9)^I4) -> 90.512657 | J21: =$C$21*((1+$D$9)^J4) -> 92.775473 | K21: =$C$21*((1+$D$9)^K4) -> 95.09486 | L21: =$C$21*((1+$D$9)^L4) -> 97.472232 | ... S21: =$C$21*((1+$D$9)^S4) -> 115.86385
A22: 4 | B22: Doanh thu từ bán phân gà | E22: =E23*E24 -> 416.71539 | F22: =F23*F24 -> 854.26655 | G22: =G23*G24 -> 875.62321 | H22: =H23*H24 -> 897.51379 | I22: =I23*I24 -> 919.95164 | J22: =J23*J24 -> 942.95043 | K22: =K23*K24 -> 966.52419 | L22: =L23*L24 -> 990.68729 | ... S22: =S23*S24 -> 1177.6159
B23: Khối lượng phân gà thu được | C23: tấn | E23: 0.8131032 | F23: 1.6262064 | G23: 1.6262064 | H23: 1.6262064 | I23: 1.6262064 | J23: 1.6262064 | K23: 1.6262064 | L23: 1.6262064 | M23: 1.6262064 | N23: 1.6262064 | O23: 1.6262064 | P23: 1.6262064 | Q23: 1.6262064 | R23: 1.6262064 | S23: 1.6262064
B24: Đơn giá (Tỷ lệ tăng giá 2,5%) | C24: 500 | E24: =$C$24*((1+$D$9)^E4) -> 512.5 | F24: =$C$24*((1+$D$9)^F4) -> 525.3125 | G24: =$C$24*((1+$D$9)^G4) -> 538.44531 | H24: =$C$24*((1+$D$9)^H4) -> 551.90645 | I24: =$C$24*((1+$D$9)^I4) -> 565.70411 | J24: =$C$24*((1+$D$9)^J4) -> 579.84671 | K24: =$C$24*((1+$D$9)^K4) -> 594.34288 | L24: =$C$24*((1+$D$9)^L4) -> 609.20145 | ... S24: =$C$24*((1+$D$9)^S4) -> 724.14908
A25: B | B25: Tổng chi phí | E25: =(E26+E49) -> 92889.524 | F25: =(F26+F49) -> 295286.9 | G25: =(G26+G49) -> 329122.65 | H25: =(H26+H49) -> 334954.89 | I25: =(I26+I49) -> 340565.95 | J25: =(J26+J49) -> 346998.35 | K25: =(K26+K49) -> 352944.29 | L25: =(L26+L49) -> 358910.47 | ... S25: =(S26+S49) -> 423441.42
A26: 1 | B26: Biến phí | E26: =(E27+SUM(E34:E48))*(1+'Thong so - Độ nhậy - Bảng 1'!$N$28) -> 78796.606 | F26: =(F27+SUM(F34:F48))*(1+'Thong so - Độ nhậy - Bảng 1'!$N$28) -> 281193.98 | G26: =(G27+SUM(G34:G48))*(1+'Thong so - Độ nhậy - Bảng 1'!$N$28) -> 314172.19 | H26: =(H27+SUM(H34:H48))*(1+'Thong so - Độ nhậy - Bảng 1'!$N$28) -> 320004.43 | I26: =(I27+SUM(I34:I48))*(1+'Thong so - Độ nhậy - Bảng 1'!$N$28) -> 325615.49 | J26: =(J27+SUM(J34:J48))*(1+'Thong so - Độ nhậy - Bảng 1'!$N$28) -> 332047.89 | K26: =(K27+SUM(K34:K48))*(1+'Thong so - Độ nhậy - Bảng 1'!$N$28) -> 337993.82 | L26: =(L27+SUM(L34:L48))*(1+'Thong so - Độ nhậy - Bảng 1'!$N$28) -> 343960.01 | ... S26: =(S27+SUM(S34:S48))*(1+'Thong so - Độ nhậy - Bảng 1'!$N$28) -> 408490.96
A27: - | B27: Nhập mua gà giống | C27: 25900 | E27: =ROUNDUP((E28*E29+E30*E31+E32*E33)*$C$27/1000000,0) -> 7416 | F27: =ROUNDUP((F28*F29+F30*F31+F32*F33)*$C$27/1000000,0) -> 7601 | G27: =ROUNDUP((G28*G29+G30*G31+G32*G33)*$C$27/1000000,0) -> 7791 | H27: =ROUNDUP((H28*H29+H30*H31+H32*H33)*$C$27/1000000,0) -> 7986 | I27: =ROUNDUP((I28*I29+I30*I31+I32*I33)*$C$27/1000000,0) -> 8186 | J27: =ROUNDUP((J28*J29+J30*J31+J32*J33)*$C$27/1000000,0) -> 8391 | K27: =ROUNDUP((K28*K29+K30*K31+K32*K33)*$C$27/1000000,0) -> 8600 | L27: =ROUNDUP((L28*L29+L30*L31+L32*L33)*$C$27/1000000,0) -> 8815 | ... S27: =ROUNDUP((S28*S29+S30*S31+S32*S33)*$C$27/1000000,0) -> 10479
B28: Số lượng gà trắng giống (con) | C28: 15790 | D28: 1667 | E28: =(C28+D28)*2 -> 34914 | F28: =E28 -> 34914 | G28: =F28 -> 34914 | H28: =G28 -> 34914 | I28: =H28 -> 34914 | J28: =I28 -> 34914 | K28: =J28 -> 34914 | L28: =K28 -> 34914 | M28: =L28 -> 34914 | ... S28: =R28 -> 34914
B29: Giá mua gà trắng giống (EUR) | C29: 4.2 | E29: =$C$29*((1+$D$9)^E4) -> 4.305 | F29: =$C$29*((1+$D$9)^F4) -> 4.412625 | G29: =$C$29*((1+$D$9)^G4) -> 4.5229406 | H29: =$C$29*((1+$D$9)^H4) -> 4.6360141 | I29: =$C$29*((1+$D$9)^I4) -> 4.7519145 | J29: =$C$29*((1+$D$9)^J4) -> 4.8707124 | K29: =$C$29*((1+$D$9)^K4) -> 4.9924802 | L29: =$C$29*((1+$D$9)^L4) -> 5.1172922 | ... S29: =$C$29*((1+$D$9)^S4) -> 6.0828523
B30: Số lượng gà màu giống - mái | C30: 12632 | E30: =$C$30*2 -> 25264 | F30: =E30 -> 25264 | G30: =F30 -> 25264 | H30: =G30 -> 25264 | I30: =H30 -> 25264 | J30: =I30 -> 25264 | K30: =J30 -> 25264 | L30: =K30 -> 25264 | M30: =L30 -> 25264 | ... S30: =R30 -> 25264
B31: Giá mua gà màu giống - mái (EUR) | C31: 4.41 | E31: =$C$31*((1+$D$9)^E4) -> 4.52025 | F31: =$C$31*((1+$D$9)^F4) -> 4.6332562 | G31: =$C$31*((1+$D$9)^G4) -> 4.7490877 | H31: =$C$31*((1+$D$9)^H4) -> 4.8678148 | I31: =$C$31*((1+$D$9)^I4) -> 4.9895102 | J31: =$C$31*((1+$D$9)^J4) -> 5.114248 | K31: =$C$31*((1+$D$9)^K4) -> 5.2421042 | L31: =$C$31*((1+$D$9)^L4) -> 5.3731568 | ... S31: =$C$31*((1+$D$9)^S4) -> 6.3869949
B32: Số lượng gà màu giống - trống | C32: 1380 | E32: =$C$32*2 -> 2760 | F32: =E32 -> 2760 | G32: =F32 -> 2760 | H32: =G32 -> 2760 | I32: =H32 -> 2760 | J32: =I32 -> 2760 | K32: =J32 -> 2760 | L32: =K32 -> 2760 | M32: =L32 -> 2760 | ... S32: =R32 -> 2760
B33: Giá mua gà màu giống - trống (EUR) | C33: 7.71 | E33: =$C$33*((1+$D$9)^E4) -> 7.90275 | F33: =$C$33*((1+$D$9)^F4) -> 8.1003187 | G33: =$C$33*((1+$D$9)^G4) -> 8.3028267 | H33: =$C$33*((1+$D$9)^H4) -> 8.5103974 | I33: =$C$33*((1+$D$9)^I4) -> 8.7231573 | J33: =$C$33*((1+$D$9)^J4) -> 8.9412363 | K33: =$C$33*((1+$D$9)^K4) -> 9.1647672 | L33: =$C$33*((1+$D$9)^L4) -> 9.3938863 | ... S33: =$C$33*((1+$D$9)^S4) -> 11.166379
A34: - | B34: Chi phí thức ăn chăn nuôi | E34: 11277.878 | F34: 22456 | G34: 23017 | H34: 23593 | I34: 23874 | J34: 24787 | K34: 25407 | L34: 26041 | M34: 26693 | N34: 27360 | O34: 28044 | P34: 28745 | Q34: 29465 | R34: 30200 | S34: 30955
A35: - | B35: Chi phí thuốc thú y | E35: 822.55248 | F35: 843.11629 | G35: 864.19419 | H35: 885.79905 | I35: 907.94403 | J35: 930.64263 | K35: 953.90869 | L35: 977.75641 | M35: 1002.2003 | N35: 1027.2553 | O35: 1052.9367 | P35: 1079.2601 | Q35: 1106.2416 | R35: 1133.8977 | S35: 1162.2451
A36: - | B36: Chi phí lương nhân viên | C36: 10 | D36: 25 | E36: =$C$36*(1+$D$13)^E4*$D$36*12 -> 3075 | F36: =$C$36*(1+$D$13)^F4*$D$36*12 -> 3151.875 | G36: =$C$36*(1+$D$13)^G4*$D$36*12 -> 3230.6719 | H36: =$C$36*(1+$D$13)^H4*$D$36*12 -> 3311.4387 | I36: =$C$36*(1+$D$13)^I4*$D$36*12 -> 3394.2246 | J36: =$C$36*(1+$D$13)^J4*$D$36*12 -> 3479.0803 | K36: =$C$36*(1+$D$13)^K4*$D$36*12 -> 3566.0573 | L36: =$C$36*(1+$D$13)^L4*$D$36*12 -> 3655.2087 | ... S36: =$C$36*(1+$D$13)^S4*$D$36*12 -> 4344.8945
A37: - | B37: Chi phí điện | E37: 165.5814 | F37: 381.10268 | G37: 390.63024 | H37: 400.396 | I37: 467.31465 | J37: 712.3234 | K37: 730.13149 | L37: 748.38477 | M37: 767.09439 | N37: 786.27175 | O37: 805.92855 | P37: 826.07676 | Q37: 846.72868 | R37: 867.8969 | S37: 889.59432
A38: - | B38: Chi phí trả cho bên chăn nuôi gà | E38: 7947.6759 | F38: 33933.36 | G38: 39098.973 | H38: 40076.447 | I38: 41078.358 | J38: 42105.317 | K38: 43157.95 | L38: 44236.899 | M38: 45342.822 | N38: 46476.392 | O38: 47638.302 | P38: 48829.259 | Q38: 50049.991 | R38: 51301.241 | S38: 52583.772
A39: - | B39: Chi phí cám cho gà gia công | E39: 37981.943 | F39: 162167.53 | G39: 186853.99 | H39: 191525.34 | I39: 196313.48 | J39: 201221.31 | K39: 206251.84 | L39: 211408.14 | M39: 216693.34 | N39: 222110.68 | O39: 227663.44 | P39: 233355.03 | Q39: 239188.91 | R39: 245168.63 | S39: 251297.85
A40: - | B40: Chi phí thuốc thú y cho gà gia công | C40: 3.3 | E40: =E12*(1+$D$13)^E4*$C$40 -> 4870.7816 | F40: =F12*(1+$D$13)^F4*$C$40 -> 15361.696 | G40: =G12*(1+$D$13)^G4*$C$40 -> 15745.738 | H40: =H12*(1+$D$13)^H4*$C$40 -> 16139.382 | I40: =I12*(1+$D$13)^I4*$C$40 -> 16542.866 | J40: =J12*(1+$D$13)^J4*$C$40 -> 16956.438 | K40: =K12*(1+$D$13)^K4*$C$40 -> 17380.349 | L40: =L12*(1+$D$13)^L4*$C$40 -> 17814.858 | ... S40: =S12*(1+$D$13)^S4*$C$40 -> 21176.267
A41: - | B41: Chi phí lãi vay vốn lưu động | C41: 0.07 | F41: ='VLD- Bảng 6'!E16*$C$41 -> 3424.1628 | G41: ='VLD- Bảng 6'!F16*$C$41 -> 3853.9136 | H41: ='VLD- Bảng 6'!G16*$C$41 -> 3950.2732 | I41: ='VLD- Bảng 6'!H16*$C$41 -> 4044.4078 | J41: ='VLD- Bảng 6'!I16*$C$41 -> 4150.0869 | K41: ='VLD- Bảng 6'!J16*$C$41 -> 4253.8325 | L41: ='VLD- Bảng 6'!K16*$C$41 -> 4360.1607 | M41: ='VLD- Bảng 6'!L16*$C$41 -> 4469.1886 | ... S41: ='VLD- Bảng 6'!R16*$C$41 -> 5182.8785
A42: - | B42: Chi phí lãi vay (Dài hạn) | E42: ='[4]Nguồn trả nợ- Bảng 6'!D9 -> 0 | F42: ='KH trả nợ-Bảng 5'!D12 -> 12000 | G42: ='KH trả nợ-Bảng 5'!E12 -> 10707.496 | H42: ='KH trả nợ-Bảng 5'!F12 -> 8952.0793 | I42: ='KH trả nợ-Bảng 5'!G12 -> 7043.2734 | J42: ='KH trả nợ-Bảng 5'!H12 -> 4956.6928 | K42: ='KH trả nợ-Bảng 5'!I12 -> 2726.032 | L42: ='KH trả nợ-Bảng 5'!J12 -> 311.4421 | M42: ='[4]Nguồn trả nợ- Bảng 6'!L9 -> 0 | N42: ='[4]Nguồn trả nợ- Bảng 6'!M9 -> 0 | O42: ='[4]Nguồn trả nợ- Bảng 6'!N9 -> 0 | P42: ='[4]Nguồn trả nợ- Bảng 6'!O9 -> 0 | Q42: ='[4]Nguồn trả nợ- Bảng 6'!P9 -> 0 | R42: ='[4]Nguồn trả nợ- Bảng 6'!Q9 -> 0 | S42: ='[4]Nguồn trả nợ- Bảng 6'!R9 -> 0
B43: Chi phí sửa chữa nhỏ, thay thế | E43: 233 | F43: 733 | G43: 751 | H43: 770 | I43: 789 | J43: 809 | K43: 829 | L43: 850 | M43: 871 | N43: 893 | O43: 915 | P43: 938 | Q43: 961 | R43: 985 | S43: 1010
B44: Chi phí thẩm định MMTB | E44: 400
A45: - | B45: Chi phí quản lý (2,0% DTC) | C45: 0.02 | E45: =$C$45*E6 -> 1417.2904 | F45: =$C$45*F6 -> 5889.5816 | G45: =$C$45*G6 -> 6728.4865 | H45: =$C$45*H6 -> 6896.6986 | I45: =$C$45*I6 -> 7069.1161 | J45: =$C$45*J6 -> 7245.844 | K45: =$C$45*K6 -> 7426.9901 | L45: =$C$45*L6 -> 7612.6648 | ... S45: =$C$45*S6 -> 9049.0662
A46: - | B46: Chi phí bán hàng (3,0% DTC) | C46: 0.03 | E46: =$C$46*E6 -> 2125.9356 | F46: =$C$46*F6 -> 8834.3724 | G46: =$C$46*G6 -> 10092.73 | H46: =$C$46*H6 -> 10345.048 | I46: =$C$46*I6 -> 10603.674 | J46: =$C$46*J6 -> 10868.766 | K46: =$C$46*K6 -> 11140.485 | L46: =$C$46*L6 -> 11418.997 | ... S46: =$C$46*S6 -> 13573.599
A47: - | B47: Chi phí khác (0,5% DTC) | C47: 0.005 | E47: =$C$47*E6 -> 354.32259 | F47: =$C$47*F6 -> 1472.3954 | G47: =$C$47*G6 -> 1682.1216 | H47: =$C$47*H6 -> 1724.1747 | I47: =$C$47*I6 -> 1767.279 | J47: =$C$47*J6 -> 1811.461 | K47: =$C$47*K6 -> 1856.7475 | L47: =$C$47*L6 -> 1903.1662 | ... S47: =$C$47*S6 -> 2262.2666
B48: Chi phí dự phòng (1% DTC) | C48: 0.01 | E48: =$C$48*E6 -> 708.64519 | F48: =$C$48*F6 -> 2944.7908 | G48: =$C$48*G6 -> 3364.2432 | H48: =$C$48*H6 -> 3448.3493 | I48: =$C$48*I6 -> 3534.558 | J48: =$C$48*J6 -> 3622.922 | K48: =$C$48*K6 -> 3713.495 | L48: =$C$48*L6 -> 3806.3324 | ... S48: =$C$48*S6 -> 4524.5331
A49: 2 | B49: Định phí | E49: =SUM(E50:E51) -> 14092.919 | F49: =SUM(F50:F51) -> 14092.919 | G49: =SUM(G50:G51) -> 14950.461 | H49: =SUM(H50:H51) -> 14950.461 | I49: =SUM(I50:I51) -> 14950.461 | J49: =SUM(J50:J51) -> 14950.461 | K49: =SUM(K50:K51) -> 14950.461 | L49: =SUM(L50:L51) -> 14950.461 | ... S49: =SUM(S50:S51) -> 14950.461
B50: Khấu hao cơ bản | E50: ='[4]Khấu hao- Bảng 3'!E8 -> 14092.919 | F50: ='[4]Khấu hao- Bảng 3'!F8 -> 14092.919 | G50: ='[4]Khấu hao- Bảng 3'!G8 -> 14092.919 | H50: ='[4]Khấu hao- Bảng 3'!H8 -> 14092.919 | I50: ='[4]Khấu hao- Bảng 3'!I8 -> 14092.919 | J50: ='[4]Khấu hao- Bảng 3'!J8 -> 14092.919 | K50: ='[4]Khấu hao- Bảng 3'!K8 -> 14092.919 | L50: ='[4]Khấu hao- Bảng 3'!L8 -> 14092.919 | ... S50: ='[4]Khấu hao- Bảng 3'!S8 -> 14092.919
B51: Chi phí sửa chữa lớn | C51: 0.005 | E51: 0 | F51: 0 | G51: =$C$51*'[4]Tổng mức đầu tư-Bảng 1'!$D$42 -> 857.5429 | H51: =G51 -> 857.5429 | I51: =H51 -> 857.5429 | J51: =I51 -> 857.5429 | K51: =J51 -> 857.5429 | L51: =K51 -> 857.5429 | M51: =L51 -> 857.5429 | N51: =M51 -> 857.5429 | O51: =N51 -> 857.5429 | ... S51: =R51 -> 857.5429
A52: C | B52: Lợi nhuận trước thuế | E52: =E5-E25 -> -21374.631 | F52: =F5-F25 -> 5464.2818 | G52: =G5-G25 -> 13730.578 | H52: =H5-H25 -> 16469.671 | I52: =I5-I25 -> 19644.22 | J52: =J5-J25 -> 22217.08 | K52: =K5-K25 -> 25501.528 | L52: =L5-L25 -> 28996.486 | ... S52: =S5-S25 -> 37658.052
A53: D | B53: Thuế TNDN (20%) | C53: 0.2 | E53: 0 | F53: =F52*$C$53 -> 1092.8564 | G53: =G52*$C$53 -> 2746.1155 | H53: =H52*$C$53 -> 3293.9342 | I53: =I52*$C$53 -> 3928.8441 | J53: =J52*$C$53 -> 4443.416 | K53: =K52*$C$53 -> 5100.3057 | L53: =L52*$C$53 -> 5799.2973 | M53: =M52*$C$53 -> 6082.6029 | ... S53: =S52*$C$53 -> 7531.6104
A54: E | B54: Lợi nhuận sau thuế | E54: =E52-E53 -> -21374.631 | F54: =F52-F53 -> 4371.4255 | G54: =G52-G53 -> 10984.462 | H54: =H52-H53 -> 13175.737 | I54: =I52-I53 -> 15715.376 | J54: =J52-J53 -> 17773.664 | K54: =K52-K53 -> 20401.223 | L54: =L52-L53 -> 23197.189 | ... S54: =S52-S53 -> 30126.442
A63: Năm | D63: 2017 | E63: 2018 | F63: 2019 | G63: 2020 | H63: 2021 | I63: 2022 | J63: 2023 | K63: 2024 | L63: 2025 | M63: 2026 | N63: 2027 | O63: 2028 | P63: 2029 | Q63: 2030 | R63: 2031 | S63: 2032
A64: Tổng nhu cầu vốn lưu động cần thiết | E64: =E27+E34+E35+E36+E37+E38+E39+E40+E43+E44+E45+E46+E47+E48 -> 78796.606 | F64: =F27+F34+F35+F36+F37+F38+F39+F40+F43+F44+F45+F46+F47+F48 -> 265769.82 | G64: =G27+G34+G35+G36+G37+G38+G39+G40+G43+G44+G45+G46+G47+G48 -> 299610.78 | H64: =H27+H34+H35+H36+H37+H38+H39+H40+H43+H44+H45+H46+H47+H48 -> 307102.07 | I64: =I27+I34+I35+I36+I37+I38+I39+I40+I43+I44+I45+I46+I47+I48 -> 314527.81 | J64: =J27+J34+J35+J36+J37+J38+J39+J40+J43+J44+J45+J46+J47+J48 -> 322941.11 | K64: =K27+K34+K35+K36+K37+K38+K39+K40+K43+K44+K45+K46+K47+K48 -> 331013.96 | L64: =L27+L34+L35+L36+L37+L38+L39+L40+L43+L44+L45+L46+L47+L48 -> 339288.41 | ... S64: =S27+S34+S35+S36+S37+S38+S39+S40+S43+S44+S45+S46+S47+S48 -> 403308.08
A65: Chi phí cho nuôi gà gia công | E65: =E38+E39+E40+SUM(E45:E48)*50% -> 53103.497 | F65: =F38+F39+F40+SUM(F45:F48)*50% -> 221033.16 | G65: =G38+G39+G40+SUM(G45:G48)*50% -> 252632.49 | H65: =H38+H39+H40+SUM(H45:H48)*50% -> 258948.31 | I65: =I38+I39+I40+SUM(I45:I48)*50% -> 265422.01 | J65: =J38+J39+J40+SUM(J45:J48)*50% -> 272057.56 | K65: =K38+K39+K40+SUM(K45:K48)*50% -> 278859 | L65: =L38+L39+L40+SUM(L45:L48)*50% -> 285830.48 | ... S65: =S38+S39+S40+SUM(S45:S48)*50% -> 339762.62
A66: Vòng quay (2 tuần khử trùng + 6 tuần nuôi) | C66: 6.5 | D66: vòng | E66: =E65/$C$66 -> 8169.7688 | F66: =F65/$C$66 -> 34005.101 | G66: =G65/$C$66 -> 38866.537 | H66: =H65/$C$66 -> 39838.201 | I66: =I65/$C$66 -> 40834.156 | J66: =J65/$C$66 -> 41855.01 | K66: =K65/$C$66 -> 42901.385 | L66: =L65/$C$66 -> 43973.92 | ... S66: =S65/$C$66 -> 52271.172
A67: Chi phí vốn lưu động còn lại | E67: =E64-E65 -> 25693.109 | F67: =F64-F65 -> 44736.664 | G67: =G64-G65 -> 46978.287 | H67: =H64-H65 -> 48153.769 | I67: =I64-I65 -> 49105.797 | J67: =J64-J65 -> 50883.543 | K67: =K64-K65 -> 52154.956 | L67: =L64-L65 -> 53457.93 | ... S67: =S64-S65 -> 63545.467
A68: Vòng quay (19 tuần hậu bị + 5 tuần chuyển chuồng + 3 tuần ấp nở) | C68: 1.9 | D68: vòng | E68: =E67/$C$68 -> 13522.689 | F68: =F67/$C$68 -> 23545.613 | G68: =G67/$C$68 -> 24725.414 | H68: =H67/$C$68 -> 25344.089 | I68: =I67/$C$68 -> 25845.156 | J68: =J67/$C$68 -> 26780.812 | K68: =K67/$C$68 -> 27449.977 | L68: =L67/$C$68 -> 28135.753 | ... S68: =S67/$C$68 -> 33444.982
A69: Tổng nhu cầu vốn cho 1 vòng quay | E69: =E66+E68 -> 21692.458 | F69: =F66+F68 -> 57550.714 | G69: =G66+G68 -> 63591.952 | H69: =H66+H68 -> 65182.29 | I69: =I66+I68 -> 66679.312 | J69: =J66+J68 -> 68635.822 | K69: =K66+K68 -> 70351.362 | L69: =L66+L68 -> 72109.672 | ... S69: =S66+S68 -> 85716.154
A70: Vay vốn lưu động | C70: 0.85 | E70: =E69*$C$70 -> 18438.589 | F70: =F69*$C$70 -> 48918.107 | G70: =G69*$C$70 -> 54053.159 | H70: =H69*$C$70 -> 55404.946 | I70: =I69*$C$70 -> 56677.415 | J70: =J69*$C$70 -> 58340.449 | K70: =K69*$C$70 -> 59798.658 | L70: =L69*$C$70 -> 61293.222 | ... S70: =S69*$C$70 -> 72858.731
A71: Vốn đối ứng | C71: 0.15 | E71: =E69*$C$71 -> 3253.8686 | F71: =F69*$C$71 -> 8632.607 | G71: =G69*$C$71 -> 9538.7927 | H71: =H69*$C$71 -> 9777.3435 | I71: =I69*$C$71 -> 10001.897 | J71: =J69*$C$71 -> 10295.373 | K71: =K69*$C$71 -> 10552.704 | L71: =L69*$C$71 -> 10816.451 | ... S71: =S69*$C$71 -> 12857.423

Sheet Thông tin giả định
A1: BẢNG 10: MỘT SỐ THÔNG TIN GIẢ ĐỊNH
A3: STT | B3: Nội dung | C3: Gà màu | D3: Gà trắng | E3: Đơn vị tính
A4: 1 | B4: Tỷ lệ gà trống/ gà mái | C4: 1:9
A5: 2 | B5: Số trứng thu hoạch | C5: 5525 | D5: 4,6 | E5: Quả /1 tuần/1 con
A6: 3 | B6: Tỷ lệ trứng đạt/ trứng đẻ ra | C6: 0.95
A7: 4 | B7: Tỷ lệ trứng nở ra gà/ trứng vào ấp | C7: 0.85
A8: 5 | B8: Giá bán gà con giống | C8: 7,5 | E8: Nghìn đồng/ con
A9: 6 | B9: Giá bán gà thịt | D9: 24 | E9: Nghìn đồng/ kg
A10: 7 | B10: Tỷ lệ tăng giá (Tỷ lệ lạm phát) | C10: 0.025
A11: 8 | B11: Trọng lượng gà | D11: 2.747 | E11: Kg/con
A12: 9 | B12: Giá bán gà thịt tận thu | C12: 80 | E12: Nghìn đồng/ con
A13: 10 | B13: Số lượng phân gà/con/ngày | C13: 0,08 | E13: Kg
A14: 11 | B14: Giá bán trứng loại | C14: 1,3 | E14: Nghìn đồng/quả
A15: 12 | B15: Giá bán phân gà | C15: 500 | E15: Nghìn đồng/tấn
A16: 13 | B16: Đơn giá thức ăn chăn nuôi gà hậu bị | C16: 9 | E16: Nghìn đồng/kg
A17: 14 | B17: Đơn giá thức ăn chăn nuôi gà gia công | D17: 8.1 | E17: Nghìn đồng/kg
A18: 15 | B18: Chi phí lương nhân viên | C18: 10 | E18: Triệu đồng/người
A19: 16 | B19: Chi phí thuốc thú y cho gà gia công | D19: 3,3 | E19: Nghìn đồng/con
A20: 17 | B20: Chi phí trả cho bên nuôi gia công | D20: 3 | E20: Nghìn đồng/kg/con
A21: 18 | B21: Tỷ lệ gà chết sau giai đoạn hậu bị / gà mái | C21: 0.02 | D21: 0.05
A22: 19 | B22: Tỷ lệ gà chết sau giai đoạn hậu bị / gà trống | C22: 0.05 | D22: 0.1
A23: 20 | B23: Tỷ lệ gà chết sau giai đoạn đẻ/gà mái | C23: 0.06 | D23: 0.06
A24: 21 | B24: Tỷ lệ gà chết sau giai đoạn đẻ / gà trống | C24: 0.12 | D24: 0.06
A25: 22 | B25: Tỷ giá mua vào chuyển khoản | C25: 25900 | E25: VND/ EUR
A26: 23 | B26: Giá mua gà giống (CIF) - mái | C26: 4.2 | D26: 4 | E26: EUR /1 con
A27: 24 | B27: Giá mua gà giống (CIF) - trống | C27: 7.5 | D27: 4 | E27: EUR /1 con
A28: 25 | B28: Chi phí vận chuyển + Kiểm định + HQ | C28: 0.21 | D28: 0.2 | E28: EUR /1 con
A29: 26 | B29: Số tuần gà đẻ trứng trong 1 năm | C29: 40 | E29: Tuần
A30: 27 | B30: Số ngày trong 1 năm | C30: 365 | E30: Ngày
A31: 28 | B31: Chi phí dự phòng | C31: 1,0% | E31: Doanh thu chính
A32: 29 | B32: Chi phí quản lý | C32: 2,0% | E32: Doanh thu chính
A33: 30 | B33: Chi phí bán hàng | C33: 3,0% | E33: Doanh thu chính
A34: 31 | B34: Chi phí khác | C34: 0,5% | E34: Doanh thu chính

Sheet Thong so - Độ nhậy - Bảng 1
A2: BẢNG 1: CÁC THÔNG SỐ ĐẦU VÀO CỦA DỰ ÁN | S2: Bảng 8: Phân tích độ nhạy dự án
A3: Thông số về vốn đầu tư và nguồn vốn | G3: Thông số về dự án và vận hành dự án | K3: Phương án trả nợ | S3: Khi tăng lãi suất
C4: Trước thuế | D4: VAT | E4: Sau thuế | F4: Tỷ trọng | H4: Địa điểm xây dựng: | I4: Thanh Hóa | K4: I | L4: Khoản vay NHTM và nước ngoài | S4: Chỉ tiêu đánh giá | T4: 0 | U4: 0.05 | V4: 0.07 | W4: 0.1 | X4: 0.15
A5: A | B5: Tổng nhu cầu vốn trong thời gian xây dựng | C5: =(C6+C13) -> 157351 | D5: =D6+D13 -> 14157.9 | E5: =E6+E13 -> 171508.9 | F5: =C5/C5 -> 1 | H5: Chủ đầu tư: Công ty CP Nông sản Phú Gia | K5: 1 | L5: Thời gian cho vay | N5: 88 | O5: tháng | S5: NPV | T5: ='NPV (Tong dau tu) -Bảng 7'!C20 -> 68315.151 | U5: 61360.899 | V5: 58669.082 | W5: 54724.105 | X5: 48387.441
B6: Tổng mức đầu tư chưa bao gồm lãi vay | C6: =SUM(C7:C12) -> 141579 | D6: =SUM(D7:D12) -> 14157.9 | E6: =SUM(E7:E12) -> 155736.9 | F6: =C6/C5 -> 0.89976549 | H6: Thời gian xây dựng | I6: 1 | J6: năm | K6: 2 | L6: Thời gian trả nợ | N6: 73 | O6: tháng | S6: IRR | T6: ='NPV (Tong dau tu) -Bảng 7'!C21 -> 0.14357365 | U6: 0.1439131 | V6: 0.14405061 | W6: 0.14425873 | X6: 0.14461059
A7: 1 | B7: Xây lắp | C7: =54793*(1+N23) -> 54793 | D7: =C7*10% -> 5479.3 | E7: =C7+D7 -> 60272.3 | F7: =C7/C5 -> 0.34822149 | G7: I | H7: Chỉ tiêu về chế độ dự án | K7: 3 | L7: Thời gian ân hạn | N7: 15 | O7: tháng
A8: 2 | B8: Thiết bị | C8: =72519*(1+N23) -> 72519 | D8: =C8*10% -> 7251.9 | E8: =C8+D8 -> 79770.9 | F8: =C8/C5 -> 0.4608741 | G8: 1 | H8: Công suất thiết kế | I8: =60000*(1-$N$27) -> 60000 | J8: con gà bố mẹ | K8: 4 | L8: Thời gian xây dựng | N8: 15 | O8: tháng | S8: Khi giảm giá bán
A9: 3 | B9: Chi phí quản lý dự án | C9: =637*(1+N23) -> 637 | D9: =C9*10% -> 63.7 | E9: =C9+D9 -> 700.7 | F9: =C9/$C$5 -> 0.0040482742 | H9: Năm đầu | I9: 0.5 | J9: CSTK | K9: 5 | L9: Trả nợ gốc theo nguồn ngân lưu thực tế của dự án | S9: Chỉ tiêu đánh giá | T9: 0 | U9: 0.005 | V9: 0.01 | W9: 0.015 | X9: 0.02
A10: 4 | B10: Chi phí tư vấn dự án | C10: =1273*(1+N23) -> 1273 | D10: =C10*10% -> 127.3 | E10: =C10+D10 -> 1400.3 | F10: =C10/$C$5 -> 0.0080901933 | H10: Các năm tiếp theo | I10: 1 | J10: CSTK | K10: 6 | L10: Nguồn trả nợ | S10: NPV | T10: ='NPV (Tong dau tu) -Bảng 7'!C20 -> 68315.151 | U10: 58460.274 | V10: 48605.397 | W10: 38750.521 | X10: 28896.375
A11: 5 | B11: Chi phi khác | C11: 10955 | D11: =C11*10% -> 1095.5 | E11: =C11+D11 -> 12050.5 | F11: =C11/$C$5 -> 0.06962142 | G11: 2 | H11: Sản phẩm | K11: - | L11: KHCB | N11: 0.7 | O11: KHCB | S11: IRR | T11: ='NPV (Tong dau tu) -Bảng 7'!C21 -> 0.14357365 | U11: 0.1364883 | V11: 0.12925558 | W11: 0.12186402 | X11: 0.11430139
A12: 6 | B12: Dự phòng | C12: =1402*(1+N23) -> 1402 | D12: =C12*10% -> 140.2 | E12: =C12+D12 -> 1542.2 | F12: =C12/$C$5 -> 0.0089100165 | H12: Gà giống, gà thịt, trứng và phân gà | K12: - | L12: Lợi nhuận sau thuế dùng trả nợ | N12: 0.7 | O12: LT thuần
A13: 7 | B13: Lãi vay trong thời gian thi công | C13: 15772 | E13: =C13+D13 -> 15772 | F13: =C13/$C$5 -> 0.10023451 | G13: 3 | H13: Giá bán bình quân sản phẩm | K13: - | L13: Nguồn khác (.............) | N13: 0 | O13: trđ
A14: B | B14: Cơ cấu nguồn vốn | C14: =C15+C16+C21 -> 171509 | D14: Tỷ trọng | H14: Giá gà con lông màu | I14: =7500*(1-$N$24) -> 7500 | J14: VNĐ/con | K14: II | L14: Chi phí sử dụng VTC (chi phí cơ hội) | N14: =7%*(1+N25) -> 0.07 | O14: năm | S14: Khi chi phí hoạt động tăng
A15: 1 | B15: Vốn tự có tham gia dự án (không tính VAT) | C15: 51509 | D15: =C15/C14 -> 0.30032826 | H15: Giá gà thịt lông trắng | I15: =24000*(1-$N$24) -> 24000 | J15: VNĐ/kg | K15: III | L15: Lãi suất vay vốn cố định | S15: Chỉ tiêu đánh giá | T15: 0 | U15: 0.01 | V15: 0.02 | W15: 0.03 | X15: 0.04
A16: 2 | B16: Vốn vay NHTM | C16: 120000 | D16: =C16/C14 -> 0.69967174 | H16: Giá trứng gà | I16: =1300*(1-$N$24) -> 1300 | J16: VNĐ/quả | K16: 1 | L16: Vốn vay nội tệ NHTM | N16: =10%*(1+N25) -> 0.1 | O16: năm | S16: NPV | T16: ='NPV (Tong dau tu) -Bảng 7'!C20 -> 68315.151 | U16: 48772.814 | V16: 29197.347 | W16: 9633.358 | X16: -9971.4659
A17: 2.1 | B17: Cơ cấu vốn vay NHTM | C17: 120000 | H17: Giá phân gà | I17: =500000*(1-$N$24) -> 500000 | J17: VNĐ/tấn | K17: 2 | L17: Vốn vay cá nhân | S17: IRR | T17: ='NPV (Tong dau tu) -Bảng 7'!C21 -> 0.14357365 | U17: 0.12931994 | V17: 0.11445814 | W17: 0.098925084 | X17: 0.08255387
A18: * | B18: Đầu tư XDCB | C18: =C17-C19 -> 104228 | G18: II | H18: Chi phí | K18: IV | L18: Tỷ suất chiết khấu (WACC) | N18: =(D15+D21)*N14+D16*N16 -> 0.090990152 | O18: năm
A19: * | B19: Lãi vay trong thời gian xây dựng | C19: =C13 -> 15772 | G19: 1 | H19: C/Phí nguyên vật liệu đầu vào | R19: NPV | T19: Lãi suất tăng
A20: 2.2 | B20: Vay Agribank | C20: =C16 -> 120000 | H20: Gà trắng giống | I20: 4.2 | J20: EUR/con | K20: V | L20: Lãi vay vốn lưu động | N20: 0.07 | S20: ='NPV (Tong dau tu) -Bảng 7'!C20 -> 68315.151 | T20: 0 | U20: 0.05 | V20: 0.07 | W20: 0.1 | X20: 0.15
H21: Gà màu giống - mái | I21: 4.41 | J21: EUR/con | R21: Giá bán giảm | S21: 0 | T21: 68315.151 | U21: 61360.899 | V21: 58669.082 | W21: 54724.105 | X21: 48387.441
A22: Thông số về vốn lưu động | H22: Gà màu giống - trống | I22: 7.71 | J22: EUR/con | K22: Hồ sơ biến đổi | S22: 0.005 | T22: 58460.274 | U22: 51815.814 | V22: 49244.146 | W22: 45475.495 | X22: 39422.673
A23: 1 | B23: Khoản phải thu | C23: 0.01 | D23: DT | H23: Thức ăn chăn nuôi | I23: 9000 | J23: VNĐ/kg | L23: Tăng tổng mức đầu tư | N23: 0 | S23: 0.01 | T23: 48605.397 | U23: 42270.73 | V23: 39819.209 | W23: 36226.884 | X23: 30457.904
A24: 2 | B24: Khoản phải trả | C24: 0.01 | D24: CP | H24: Thuốc thú y | I24: 3300 | J24: VNĐ/con | L24: Giá bán giảm | N24: 0 | S24: 0.015 | T24: 38750.521 | U24: 32725.645 | V24: 30394.273 | W24: 26978.273 | X24: 21503.474
A25: 3 | B25: Cân đối tiền mặt | C25: 0.01 | D25: DT | G25: 2 | H25: Chi phí quản lý | I25: 0.02 | J25: Doanh thu | L25: Tăng lãi suất cho vay | N25: 0 | S25: 0.02 | T25: 28896.375 | U25: 23194.008 | V25: 20988.093 | W25: 17756.612 | X25: 12569.56
A26: 4 | B26: Vòng quay hàng tồn kho | C26: 4 | D26: Vòng/năm | G26: 3 | H26: Chi phí bán hàng | I26: 0.03 | J26: Doanh thu | S26: 0.025 | T26: 19069.65 | U26: 13678.01 | V26: 11592.608 | W26: 8537.9881 | X26: 3635.6457
A27: 5 | B27: Nhu cầu vay vốn | C27: 0.85 | D27: VLĐ | G27: 4 | H27: Chi phí khác | I27: 0.005 | J27: Doanh thu | L27: Tỷ lệ giảm sản lượng | N27: 0
A28: 6 | B28: Vòng quay VLĐ | C28: 3 | D28: Vòng/năm | G28: 5 | H28: Chi phí dự phòng | I28: 0.01 | J28: Doanh thu | L28: Chi phí nguyên liệu đầu vào tăng | N28: 0 | R28: IRR | T28: Lãi suất tăng
A29: Thông số về thuế | G29: III | H29: Khấu hao | S29: ='NPV (Tong dau tu) -Bảng 7'!C21 -> 0.14357365 | T29: 0 | U29: 0.03 | V29: =V20 -> 0.07 | W29: =W20 -> 0.1 | X29: =X20 -> 0.15
A30: 1 | B30: Thuế TNDN | C30: 0.2 | H30: Xây dựng | I30: 15 | J30: năm | K30: Hiệu quả của dự án | R30: Giá bán giảm | S30: 0 | T30: 0.14357365 | U30: 0.14377659 | V30: 0.14405061 | W30: 0.14425873 | X30: 0.14461059
H31: Thiết bị | I31: 10 | J31: năm | L31: NPV | N31: ='NPV (Tong dau tu) -Bảng 7'!C20 -> 68315.151 | S31: 0.005 | T31: 0.1364883 | U31: 0.13669745 | V31: 0.13697984 | W31: 0.13719431 | X31: 0.13755692
L32: IRR | N32: ='NPV (Tong dau tu) -Bảng 7'!C21 -> 0.14357365 | S32: 0.01 | T32: 0.12925558 | U32: 0.12947115 | V32: 0.12976222 | W32: 0.12998328 | X32: 0.13035703
S33: 0.015 | T33: 0.12186402 | U33: 0.12208625 | V33: 0.12238633 | W33: 0.12261423 | X33: 0.12300835
S34: 0.02 | T34: 0.11430139 | U34: 0.11453673 | V34: 0.11485502 | W34: 0.11509716 | X34: 0.1155073
S35: 0.025 | T35: 0.10657517 | U35: 0.10681858 | V35: 0.10714777 | W35: 0.10739819 | X35: 0.10782233

Sheet Tổng mức đầu tư-Bảng 2
A1: BẢNG 2: TỔNG MỨC ĐẦU TƯ
A2: ĐẦU TƯ XÂY DỰNG TRANG TRẠI GÀ XUÂN PHÚ
A3: GIAI ĐOẠN 1: CÔNG SUẤT 60.000 CON
A5: 1. Chi tiết các hạng chi phí của dự án đầu tư
D6: Đơn vị: triệu đồng
A7: TT | B7: Hạng mục đầu tư | C7: Giá trị đầu tư trước thuế | D7: Giá trị đầu tư sau thuế | E7: Giá trị đầu tư trước thuế | G7: Giá trị đầu tư sau thuế
A8: I | B8: Chi phí xây dựng | C8: =C9+C18 -> 54792.796 | D8: =D9+D18 -> 60272.076 | E8: =E9+E18 -> 5.4792796e+10 | H8: =SUM(H9,H16,H26) -> #REF!
A9: 1 | B9: Hạ tầng | C9: =SUM(C10:C17) -> 15965.797 | D9: =SUM(D10:D17) -> 17562.376 | E9: =SUM(E10:E17) -> 1.5965797e+10 | G9: =SUM(G10:G17) -> 1.7562376e+10 | H9: =SUM(H10:H15) -> 66158546092
B10: San nền | C10: =E10/1000000 -> 2141.8311 | D10: =G10/1000000 -> 2356.0142 | E10: 2.1418311e+09 | F10: 1.1 | G10: =E10*F10 -> 2.3560142e+09 | H10: 2408971068 | I10: =E10-H10 -> -2.6713999e+08
B11: Đường giao thông nội bộ | C11: =E11/1000000 -> 3516.9318 | D11: =G11/1000000 -> 3868.6249 | E11: 3.5169318e+09 | F11: 1.1 | G11: =E11*F11 -> 3.8686249e+09 | H11: 8473988172 | I11: =E11-H11 -> -4.9570564e+09
B12: Thoát nước ngoài nhà | C12: =E12/1000000 -> 1414.0853 | D12: =G12/1000000 -> 1555.4939 | E12: 1.4140853e+09 | F12: 1.1 | G12: =E12*F12 -> 1.5554939e+09 | H12: 11992391298 | I12: =E12-H12 -> -1.0578306e+10
B13: Bờ kè | C13: =E13/1000000 -> 3106.2386 | D13: =G13/1000000 -> 3416.8625 | E13: 3.1062386e+09 | F13: 1.1 | G13: =E13*F13 -> 3.4168625e+09 | H13: 18356999284 | I13: =E13-H13 -> -1.5250761e+10
B14: Cấp nước ngoài nhà | C14: =E14/1000000 -> 1908.7132 | D14: =G14/1000000 -> 2099.5845 | E14: 1.9087132e+09 | F14: 1.1 | G14: =E14*F14 -> 2.0995845e+09 | H14: 1442437716 | I14: =E14-H14 -> 4.6627545e+08
B15: Cấp điện, chiếu sáng ngoài nhà | C15: =E15/1000000 -> 1695.7043 | D15: =G15/1000000 -> 1865.2747 | E15: 1.6957043e+09 | F15: 1.1 | G15: =E15*F15 -> 1.8652747e+09 | H15: 23483758554 | I15: =E15-H15 -> -2.1788054e+10
B16: Cảnh quan giai đoạn 1 | C16: =E16/1000000 -> 455.34683 | D16: =G16/1000000 -> 500.88151 | E16: 4.5534683e+08 | F16: 1.1 | G16: =E16*F16 -> 5.0088151e+08 | H16: =SUM(H18:H25) -> 229870670930 | I16: =E16-H16 -> -2.2941532e+11
B17: Đường giao thông quy hoạch | C17: =E17/1000000 -> 1726.9455 | D17: =G17/1000000 -> 1899.6401 | E17: 1.7269455e+09 | F17: 1.1 | G17: =E17*F17 -> 1.8996401e+09 | H17: =SUM(H19:H26) -> #REF! | I17: =E17-H17 -> #REF!
A18: 2 | B18: Chuồng trại | C18: =SUM(C19:C29) -> 38826.999 | D18: =SUM(D19:D29) -> 42709.699 | E18: =SUM(E19:E29) -> 3.8826999e+10 | G18: =SUM(G19:G29) -> 4.2709699e+10 | H18: 10024292823 | I18: =E18-H18 -> 2.8802707e+10
B19: Nhà máy ấp trứng | C19: =E19/1000000 -> 5845.0861 | D19: =G19/1000000 -> 6429.5947 | E19: 5845086063 | F19: 1.1 | G19: =E19*F19 -> 6.4295947e+09 | H19: 1756193595 | I19: =E19-H19 -> 4088892468
B20: Trại gà hậu bị 1 | C20: =E20/1000000 -> 8206.8771 | D20: =G20/1000000 -> 9027.5649 | E20: 8.2068771e+09 | F20: 1.1 | G20: =E20*F20 -> 9.0275649e+09 | H20: 2634277000 | I20: =E20-H20 -> 5.5726001e+09
B21: Trại gà đẻ 1 | C21: =E21/1000000 -> 9819.1836 | D21: =G21/1000000 -> 10801.102 | E21: 9819183573 | F21: 1.1 | G21: =E21*F21 -> 1.0801102e+10 | H21: 23558172345 | I21: =E21-H21 -> -13738988772
B22: Trại gà đẻ 2 | C22: =E22/1000000 -> 9819.1836 | D22: =G22/1000000 -> 10801.102 | E22: 9819183573 | F22: 1.1 | G22: =E22*F22 -> 1.0801102e+10 | H22: 827181439 | I22: =E22-H22 -> 8992002134
B23: Nhà trưởng trại 1,2 (2 nhà) | C23: =E23/1000000 -> 415.78362 | D23: =G23/1000000 -> 457.36198 | E23: 4.1578362e+08 | F23: 1.1 | G23: =E23*F23 -> 4.5736198e+08 | H23: 2722478314 | I23: =E23-H23 -> -2.3066947e+09
B24: Kho chứa đệm lót cơ khí | C24: =E24/1000000 -> 465.56936 | D24: =G24/1000000 -> 512.1263 | E24: 4.6556936e+08 | F24: 1.1 | G24: =E24*F24 -> 5.121263e+08 | H24: 718510324 | I24: =E24-H24 -> -2.5294096e+08
B25: Nhà quản lý điều hành | C25: =E25/1000000 -> 749.40471 | D25: =G25/1000000 -> 824.34518 | E25: 7.4940471e+08 | F25: 1.1 | G25: =E25*F25 -> 8.2434518e+08 | H25: 187629565090 | I25: =E25-H25 -> -1.8688016e+11
B26: Nhà ở công nhân | C26: =E26/1000000 -> 660.76984 | D26: =G26/1000000 -> 726.84682 | E26: 6.6076984e+08 | F26: 1.1 | G26: =E26*F26 -> 7.2684682e+08 | H26: =SUM(H27,#REF!) -> #REF! | I26: =E26-H26 -> #REF!
B27: Hố sát trùng (3 bể) | C27: =E27/1000000 -> 81.443005 | D27: =G27/1000000 -> 89.587306 | E27: 81443005 | F27: 1.1 | G27: =E27*F27 -> 89587306 | H27: =SUM(H28:H41) -> 7504156462 | I27: =E27-H27 -> -7.4227135e+09
B28: Cổng, tường rào | C28: =E28/1000000 -> 1905.3393 | D28: =G28/1000000 -> 2095.8733 | E28: 1.9053393e+09 | F28: 1.1 | G28: =E28*F28 -> 2.0958733e+09 | H28: 1543794234 | I28: =E28-H28 -> 3.615451e+08
B29: Bể ngầm (bể ngầm, bể cứu hỏa, hẩm phân) | C29: =E29/1000000 -> 858.35922 | D29: =G29/1000000 -> 944.19514 | E29: 8.5835922e+08 | F29: 1.1 | G29: =E29*F29 -> 9.4419514e+08 | H29: 1039368753 | I29: =E29-H29 -> -1.8100954e+08
A30: II | B30: Thiết bị | C30: =SUM(C31:C35)-C36 -> 72518.543 | D30: =SUM(D31:D35)-D36 -> 79770.397 | E30: =SUM(E31:E35)-E36 -> 7.2518543e+10 | G30: =SUM(G31:G35)-G36 -> 7.9770397e+10
B31: Thiết bị trại gà | C31: =E31/1000000 -> 61931.288 | D31: =G31/1000000 -> 68124.417 | E31: 61931288016 | F31: 1.1 | G31: =E31*F31 -> 6.8124417e+10
B32: Thiết bị trạm biến áp | C32: =E32/1000000 -> 2728.8039 | D32: =G32/1000000 -> 3001.6843 | E32: 2728803925 | F32: 1.1 | G32: =E32*F32 -> 3.0016843e+09
B33: Máy phát điện (SL: 2 cái) | C33: =E33/1000000 -> 2181.8182 | D33: =G33/1000000 -> 2400 | E33: 2.1818182e+09 | F33: 1.1 | G33: =E33*F33 -> 2400000000
B34: Thuế Nhập Khẩu máy móc TB (3% GTNK) | C34: =E34/1000000 -> 2223.3685 | D34: =G34/1000000 -> 2445.7053 | E34: 2.2233685e+09 | F34: 1.1 | G34: =E34*F34 -> 2.4457053e+09
B35: Dự phòng thiết bị | C35: =E35/1000000 -> 6906.5279 | D35: =G35/1000000 -> 7597.1806 | E35: 6.9065279e+09 | F35: 1.1 | G35: =E35*F35 -> 7.5971806e+09
B36: Tiết kiệm chi phí | C36: =E36/1000000 -> 3453.2639 | D36: =G36/1000000 -> 3798.5903 | E36: 3.4532639e+09 | F36: 1.1 | G36: =E36*F36 -> 3.7985903e+09
A37: III | B37: Chi phí quản lý dự án GĐ1 | C37: =E37/1000000 -> 636.55832 | D37: =G37/1000000 -> 700.21415 | E37: 6.3655832e+08 | F37: 1.1 | G37: =E37*F37 -> 7.0021415e+08
A38: IV | B38: Chi phí tư vấn | C38: =E38/1000000 -> 1272.7951 | D38: =G38/1000000 -> 1400.0746 | E38: 1.2727951e+09 | F38: 1.1 | G38: =E38*F38 -> 1.4000746e+09
A39: V | B39: Chi phí khác | C39: =E39/1000000 -> 10955.794 | D39: =G39/1000000 -> 12051.374 | E39: 1.0955794e+10 | F39: 1.1 | G39: =E39*F39 -> 1.2051374e+10
A40: VI | B40: Chi phí dự phòng GĐ1 | C40: =E40/1000000 -> 1401.7681 | D40: =G40/1000000 -> 1541.9449 | E40: 1.4017681e+09 | F40: 1.1 | G40: =E40*F40 -> 1.5419449e+09 | H40: 3041651267 | I40: =E40-H40 -> -1.6398831e+09
A41: VII | B41: Chi phí lãi vay vốn hóa | C41: =E41/1000000 -> 15772.5 | D41: =C41 -> 15772.5 | E41: 15772500000 | G41: =E41 -> 15772500000 | H41: 1879342208 | I41: =E41-H41 -> 13893157792
B42: TỔNG MỨC ĐẦU TƯ | C42: =C8+C30+C37+C38+C39+C40+C41 -> 157350.75 | D42: =D8+D30+D37+D38+D39+D40+D41 -> 171508.58 | H42: =SUM(#REF!,#REF!,H8) -> #REF!
A43: 2. Các hạng mục sau khi phân bổ lại chi phí đầu tư
D44: Đơn vị: triệu đồng
A46: TT | B46: Hạng mục đầu tư | C46: Giá trị đầu tư trước thuế | D46: Giá trị đầu tư sau thuế
A47: 1 | B47: Hạng mục xây dựng | C47: =C8+C37+C38+C39+C40+C41 -> 84832.212 | D47: =D8+D37+D38+D39+D40+D41 -> 91738.183
A48: 2 | B48: Hạng mục thiết bị | C48: =C30 -> 72518.543 | D48: =D30 -> 79770.397
B49: Tổng mức đầu tư | C49: =SUM(C47:C48) -> 157350.75 | D49: =SUM(D47:D48) -> 171508.58

Sheet Khấu hao- Bảng 3
A1: Bảng 3: Kế hoạch khấu hao
E2: 2018 | F2: 2019 | G2: 2020 | H2: 2021 | I2: 2022 | J2: 2023 | K2: 2024 | L2: 2025 | M2: 2026 | N2: 2027 | O2: 2028 | P2: 2029 | Q2: 2030 | R2: 2031 | S2: 2032
A3: TT | B3: Chỉ tiêu | C3: Giá trị | D3: Thời gian khấu hao | E3: Năm hoạt động
E4: 1 | F4: 2 | G4: 3 | H4: 4 | I4: 5 | J4: 6 | K4: 7 | L4: 8 | M4: 9 | N4: 10 | O4: 11 | P4: 12 | Q4: 13 | R4: 14 | S4: 15
A5: 1 | B5: Hạng mục chuồng trại | C5: ='[4]Tổng mức đầu tư-Bảng 1'!D47 -> 91738.183 | D5: 15 | E5: =C5/D5 -> 6115.8789 | F5: =E5 -> 6115.8789 | G5: =F5 -> 6115.8789 | H5: =G5 -> 6115.8789 | I5: =H5 -> 6115.8789 | J5: =I5 -> 6115.8789 | K5: =J5 -> 6115.8789 | L5: =K5 -> 6115.8789 | M5: =L5 -> 6115.8789 | ... S5: =R5 -> 6115.8789 | T5: =SUM(E5:S5) -> 91738.183
A6: 2 | B6: Hạng mục thiết bị | C6: ='[4]Tổng mức đầu tư-Bảng 1'!D48 -> 79770.397 | D6: 10 | E6: =C6/D6 -> 7977.0397 | F6: =E6 -> 7977.0397 | G6: =F6 -> 7977.0397 | H6: =G6 -> 7977.0397 | I6: =H6 -> 7977.0397 | J6: =I6 -> 7977.0397 | K6: =J6 -> 7977.0397 | L6: =K6 -> 7977.0397 | M6: =L6 -> 7977.0397 | N6: =M6 -> 7977.0397 | O6: 0 | P6: 0 | Q6: 0 | R6: 0 | S6: 0 | T6: =SUM(E6:S6) -> 79770.397
B7: Tái đầu tư thiết bị | C7: =C6 -> 79770.397 | D7: 10 | O7: =$C$7/$D$7 -> 7977.0397 | P7: =$C$7/$D$7 -> 7977.0397 | Q7: =$C$7/$D$7 -> 7977.0397 | R7: =$C$7/$D$7 -> 7977.0397 | S7: =$C$7/$D$7 -> 7977.0397 | T7: =SUM(E7:S7) -> 39885.198
B8: Tổng cộng | C8: =SUM(C5:C6) -> 171508.58 | E8: =SUM(E5:E7) -> 14092.919 | F8: =SUM(F5:F7) -> 14092.919 | G8: =SUM(G5:G7) -> 14092.919 | H8: =SUM(H5:H7) -> 14092.919 | I8: =SUM(I5:I7) -> 14092.919 | J8: =SUM(J5:J7) -> 14092.919 | K8: =SUM(K5:K7) -> 14092.919 | L8: =SUM(L5:L7) -> 14092.919 | ... S8: =SUM(S5:S7) -> 14092.919 | T8: =SUM(E8:S8) -> 211393.78

Sheet KQKD- Bảng 4 
A1: Bảng 4: Bảng dự kiến Doanh thu, chi phí của dự án
D2: 2017 | E2: 2018 | F2: 2019 | G2: 2020 | H2: 2021 | I2: 2022 | J2: 2023 | K2: 2024 | L2: 2025 | M2: 2026 | N2: 2027 | O2: 2028 | P2: 2029 | Q2: 2030 | R2: 2031 | S2: 2032
A3: TT | B3: Chỉ tiêu | D3: Năm thực hiện dự án
D4: 0 | E4: 1 | F4: 2 | G4: 3 | H4: 4 | I4: 5 | J4: 6 | K4: 7 | L4: 8 | M4: 9 | N4: 10 | O4: 11 | P4: 12 | Q4: 13 | R4: 14 | S4: 15
A5: A | B5: Tổng Doanh thu | E5: =E6+E16+E19+E22 -> 71514.893 | F5: =F6+F16+F19+F22 -> 300751.18 | G5: =G6+G16+G19+G22 -> 342853.23 | H5: =H6+H16+H19+H22 -> 351424.56 | I5: =I6+I16+I19+I22 -> 360210.17 | J5: =J6+J16+J19+J22 -> 369215.43 | K5: =K6+K16+K19+K22 -> 378445.81 | L5: =L6+L16+L19+L22 -> 387906.96 | ... S5: =S6+S16+S19+S22 -> 461099.48
A6: 1 | B6: Doanh thu chính | E6: =E11+E7 -> 70864.519 | F6: =F11+F7 -> 294479.08 | G6: =G11+G7 -> 336424.32 | H6: =H11+H7 -> 344834.93 | I6: =I11+I7 -> 353455.8 | J6: =J11+J7 -> 362292.2 | K6: =K11+K7 -> 371349.5 | L6: =L11+L7 -> 380633.24 | ... S6: =S11+S7 -> 452453.31
A7: 1.1 | B7: Doanh thu bán gà giống lông màu | E7: =E10 -> 9466.055 | F7: =F10 -> 32452.106 | G7: =G10 -> 34528.979 | H7: =H10 -> 35392.204 | I7: =I10 -> 36277.009 | J7: =J10 -> 37183.934 | K7: =K10 -> 38113.532 | L7: =L10 -> 39066.37 | ... S7: =S10 -> 46437.638
B8: Số lượng gà con lông màu (Nghìn con) | E8: 1391.9685 | F8: 4282.98 | G8: 4282.98 | H8: 4282.98 | I8: 4282.98 | J8: 4282.98 | K8: 4282.98 | L8: 4282.98 | M8: 4282.98 | N8: 4282.98 | O8: 4282.98 | P8: 4282.98 | Q8: 4282.98 | R8: 4282.98 | S8: 4282.98
B9: Đơn giá bán gà con (Tỷ lệ tăng giá 2,5%) | C9: =7.5*(1-'Thong so - Độ nhậy - Bảng 1'!N24) -> 7.5 | D9: 0.025 | E9: =$C$9*((1+$D$9)^E4) -> 7.6875 | F9: =$C$9*((1+$D$9)^F4) -> 7.8796875 | G9: =$C$9*((1+$D$9)^G4) -> 8.0766797 | H9: =$C$9*((1+$D$9)^H4) -> 8.2785967 | I9: =$C$9*((1+$D$9)^I4) -> 8.4855616 | J9: =$C$9*((1+$D$9)^J4) -> 8.6977006 | K9: =$C$9*((1+$D$9)^K4) -> 8.9151432 | L9: =$C$9*((1+$D$9)^L4) -> 9.1380217 | ... S9: =$C$9*((1+$D$9)^S4) -> 10.862236
B10: Doanh thu bán gà giống thực tế (Độ trễ: 03 tuần) | E10: =E8*E9*23/26 -> 9466.055 | F10: =E9*E8*3/26+F8*F9*37/40 -> 32452.106 | G10: =F9*F8*3/40+G8*G9*37/40 -> 34528.979 | H10: =G9*G8*3/40+H8*H9*37/40 -> 35392.204 | I10: =H9*H8*3/40+I8*I9*37/40 -> 36277.009 | J10: =I9*I8*3/40+J8*J9*37/40 -> 37183.934 | K10: =J9*J8*3/40+K8*K9*37/40 -> 38113.532 | L10: =K9*K8*3/40+L8*L9*37/40 -> 39066.37 | M10: =L9*L8*3/40+M8*M9*37/40 -> 40043.03 | N10: =M9*M8*3/40+N8*N9*37/40 -> 41044.105 | ... S10: =R9*R8*3/40+S8*S9*37/40 -> 46437.638
A11: 1.2 | B11: Doanh thu bán gà lông trắng gia công | E11: =E15 -> 61398.464 | F11: =F15 -> 262026.97 | G11: =G15 -> 301895.34 | H11: =H15 -> 309442.73 | I11: =I15 -> 317178.8 | J11: =J15 -> 325108.27 | K11: =K15 -> 333235.97 | L11: =L15 -> 341566.87 | ... S11: =S15 -> 406015.67
B12: Số lượng gà con lông trắng (Nghìn con) | C12: 2.747 | E12: 1439.9946 | F12: 4430.7525 | G12: 4430.7525 | H12: 4430.7525 | I12: 4430.7525 | J12: 4430.7525 | K12: 4430.7525 | L12: 4430.7525 | M12: 4430.7525 | N12: 4430.7525 | O12: 4430.7525 | P12: 4430.7525 | Q12: 4430.7525 | R12: 4430.7525 | S12: 4430.7525
B13: Đơn giá bán gà thịt (Tỷ lệ tăng giá 2,5%) | C13: =24*(1-'Thong so - Độ nhậy - Bảng 1'!N24) -> 24 | D13: =D9 -> 0.025 | E13: =$C$13*$C$12*((1+$D$13)^E4) -> 67.5762 | F13: =$C$13*$C$12*((1+$D$13)^F4) -> 69.265605 | G13: =$C$13*$C$12*((1+$D$13)^G4) -> 70.997245 | H13: =$C$13*$C$12*((1+$D$13)^H4) -> 72.772176 | I13: =$C$13*$C$12*((1+$D$13)^I4) -> 74.591481 | J13: =$C$13*$C$12*((1+$D$13)^J4) -> 76.456268 | K13: =$C$13*$C$12*((1+$D$13)^K4) -> 78.367674 | L13: =$C$13*$C$12*((1+$D$13)^L4) -> 80.326866 | ... S13: =$C$13*$C$12*((1+$D$13)^S4) -> 95.483402
B14: Hao hụt định mức | C14: 0.035 | E14: =E13*E12*(1-$C$14) -> 93903.533 | F14: =F13*F12*(1-$C$14) -> 296157.3 | G14: =G13*G12*(1-$C$14) -> 303561.23 | H14: =H13*H12*(1-$C$14) -> 311150.26 | I14: =I13*I12*(1-$C$14) -> 318929.02 | J14: =J13*J12*(1-$C$14) -> 326902.24 | K14: =K13*K12*(1-$C$14) -> 335074.8 | L14: =L13*L12*(1-$C$14) -> 343451.67 | ... S14: =S13*S12*(1-$C$14) -> 408256.1
B15: Doanh số bán gia công thực tế (Độ trễ: 09 tuần) | E15: =E14*17/26 -> 61398.464 | F15: =E14/26*9+F14*31/40 -> 262026.97 | G15: =F14/40*9+G14*31/40 -> 301895.34 | H15: =G14/40*9+H14*31/40 -> 309442.73 | I15: =H14/40*9+I14*31/40 -> 317178.8 | J15: =I14/40*9+J14*31/40 -> 325108.27 | K15: =J14/40*9+K14*31/40 -> 333235.97 | L15: =K14/40*9+L14*31/40 -> 341566.87 | M15: =L14/40*9+M14*31/40 -> 350106.04 | N15: =M14/40*9+N14*31/40 -> 358858.69 | ... S15: =R14/40*9+S14*31/40 -> 406015.67
A16: 2 | B16: Doanh thu từ bán trứng loại | E16: =E17*E18 -> 233.65887 | F16: =F17*F18 -> 736.92413 | G16: =G17*G18 -> 755.34724 | H16: =H17*H18 -> 774.23092 | I16: =I17*I18 -> 793.58669 | J16: =J17*J18 -> 813.42636 | K16: =K17*K18 -> 833.76202 | L16: =L17*L18 -> 854.60607 | ... S16: =S17*S18 -> 1015.8581
B17: Số lượng trứng loại | E17: 175.35375 | F17: 539.55 | G17: 539.55 | H17: 539.55 | I17: 539.55 | J17: 539.55 | K17: 539.55 | L17: 539.55 | M17: 539.55 | N17: 539.55 | O17: 539.55 | P17: 539.55 | Q17: 539.55 | R17: 539.55 | S17: 539.55
B18: Đơn giá (Tỷ lệ tăng giá 2,5%) | C18: 1.3 | E18: =$C$18*((1+$D$9)^E4) -> 1.3325 | F18: =$C$18*((1+$D$9)^F4) -> 1.3658125 | G18: =$C$18*((1+$D$9)^G4) -> 1.3999578 | H18: =$C$18*((1+$D$9)^H4) -> 1.4349568 | I18: =$C$18*((1+$D$9)^I4) -> 1.4708307 | J18: =$C$18*((1+$D$9)^J4) -> 1.5076014 | K18: =$C$18*((1+$D$9)^K4) -> 1.5452915 | L18: =$C$18*((1+$D$9)^L4) -> 1.5839238 | ... S18: =$C$18*((1+$D$9)^S4) -> 1.8827876
A19: 3 | B19: Doanh thu từ bán gà thịt tận thu | E19: =E20*E21 -> 0 | F19: =F20*F21 -> 4680.9126 | G19: =G20*G21 -> 4797.9354 | H19: =H20*H21 -> 4917.8838 | I19: =I20*I21 -> 5040.8309 | J19: =J20*J21 -> 5166.8517 | K19: =K20*K21 -> 5296.023 | L19: =L20*L21 -> 5428.4235 | ... S19: =S20*S21 -> 6452.6897
B20: Số lượng gà bán thịt tận thu | E20: 0 | F20: 55.692 | G20: 55.692 | H20: 55.692 | I20: 55.692 | J20: 55.692 | K20: 55.692 | L20: 55.692 | M20: 55.692 | N20: 55.692 | O20: 55.692 | P20: 55.692 | Q20: 55.692 | R20: 55.692 | S20: 55.692
B21: Đơn giá | C21: 80 | E21: =$C$21*((1+$D$9)^E4) -> 82 | F21: =$C$21*((1+$D$9)^F4) -> 84.05 | G21: =$C$21*((1+$D$9)^G4) -> 86.15125 | H21: =$C$21*((1+$D$9)^H4) -> 88.305031 | I21: =$C$21*((1+$D$9)^I4) -> 90.512657 | J21: =$C$21*((1+$D$9)^J4) -> 92.775473 | K21: =$C$21*((1+$D$9)^K4) -> 95.09486 | L21: =$C$21*((1+$D$9)^L4) -> 97.472232 | ... S21: =$C$21*((1+$D$9)^S4) -> 115.86385
A22: 4 | B22: Doanh thu từ bán phân gà | E22: =E23*E24 -> 416.71539 | F22: =F23*F24 -> 854.26655 | G22: =G23*G24 -> 875.62321 | H22: =H23*H24 -> 897.51379 | I22: =I23*I24 -> 919.95164 | J22: =J23*J24 -> 942.95043 | K22: =K23*K24 -> 966.52419 | L22: =L23*L24 -> 990.68729 | ... S22: =S23*S24 -> 1177.6159
B23: Khối lượng phân gà thu được | C23: tấn | E23: 0.8131032 | F23: 1.6262064 | G23: 1.6262064 | H23: 1.6262064 | I23: 1.6262064 | J23: 1.6262064 | K23: 1.6262064 | L23: 1.6262064 | M23: 1.6262064 | N23: 1.6262064 | O23: 1.6262064 | P23: 1.6262064 | Q23: 1.6262064 | R23: 1.6262064 | S23: 1.6262064
B24: Đơn giá (Tỷ lệ tăng giá 2,5%) | C24: 500 | E24: =$C$24*((1+$D$9)^E4) -> 512.5 | F24: =$C$24*((1+$D$9)^F4) -> 525.3125 | G24: =$C$24*((1+$D$9)^G4) -> 538.44531 | H24: =$C$24*((1+$D$9)^H4) -> 551.90645 | I24: =$C$24*((1+$D$9)^I4) -> 565.70411 | J24: =$C$24*((1+$D$9)^J4) -> 579.84671 | K24: =$C$24*((1+$D$9)^K4) -> 594.34288 | L24: =$C$24*((1+$D$9)^L4) -> 609.20145 | ... S24: =$C$24*((1+$D$9)^S4) -> 724.14908
A25: B | B25: Tổng chi phí | E25: =(E26+E49) -> 92889.524 | F25: =(F26+F49) -> 295286.9 | G25: =(G26+G49) -> 329122.65 | H25: =(H26+H49) -> 334954.89 | I25: =(I26+I49) -> 340565.95 | J25: =(J26+J49) -> 346998.35 | K25: =(K26+K49) -> 352944.29 | L25: =(L26+L49) -> 358910.47 | ... S25: =(S26+S49) -> 423441.42
A26: 1 | B26: Biến phí | E26: =(E27+SUM(E34:E48))*(1+'Thong so - Độ nhậy - Bảng 1'!$N$28) -> 78796.606 | F26: =(F27+SUM(F34:F48))*(1+'Thong so - Độ nhậy - Bảng 1'!$N$28) -> 281193.98 | G26: =(G27+SUM(G34:G48))*(1+'Thong so - Độ nhậy - Bảng 1'!$N$28) -> 314172.19 | H26: =(H27+SUM(H34:H48))*(1+'Thong so - Độ nhậy - Bảng 1'!$N$28) -> 320004.43 | I26: =(I27+SUM(I34:I48))*(1+'Thong so - Độ nhậy - Bảng 1'!$N$28) -> 325615.49 | J26: =(J27+SUM(J34:J48))*(1+'Thong so - Độ nhậy - Bảng 1'!$N$28) -> 332047.89 | K26: =(K27+SUM(K34:K48))*(1+'Thong so - Độ nhậy - Bảng 1'!$N$28) -> 337993.82 | L26: =(L27+SUM(L34:L48))*(1+'Thong so - Độ nhậy - Bảng 1'!$N$28) -> 343960.01 | ... S26: =(S27+SUM(S34:S48))*(1+'Thong so - Độ nhậy - Bảng 1'!$N$28) -> 408490.96
A27: - | B27: Nhập mua gà giống | C27: 25900 | E27: =ROUNDUP((E28*E29+E30*E31+E32*E33)*$C$27/1000000,0) -> 7416 | F27: =ROUNDUP((F28*F29+F30*F31+F32*F33)*$C$27/1000000,0) -> 7601 | G27: =ROUNDUP((G28*G29+G30*G31+G32*G33)*$C$27/1000000,0) -> 7791 | H27: =ROUNDUP((H28*H29+H30*H31+H32*H33)*$C$27/1000000,0) -> 7986 | I27: =ROUNDUP((I28*I29+I30*I31+I32*I33)*$C$27/1000000,0) -> 8186 | J27: =ROUNDUP((J28*J29+J30*J31+J32*J33)*$C$27/1000000,0) -> 8391 | K27: =ROUNDUP((K28*K29+K30*K31+K32*K33)*$C$27/1000000,0) -> 8600 | L27: =ROUNDUP((L28*L29+L30*L31+L32*L33)*$C$27/1000000,0) -> 8815 | ... S27: =ROUNDUP((S28*S29+S30*S31+S32*S33)*$C$27/1000000,0) -> 10479
B28: Số lượng gà trắng giống (con) | C28: 15790 | D28: 1667 | E28: =(C28+D28)*2 -> 34914 | F28: =E28 -> 34914 | G28: =F28 -> 34914 | H28: =G28 -> 34914 | I28: =H28 -> 34914 | J28: =I28 -> 34914 | K28: =J28 -> 34914 | L28: =K28 -> 34914 | M28: =L28 -> 34914 | ... S28: =R28 -> 34914
B29: Giá mua gà trắng giống (EUR) | C29: 4.2 | E29: =$C$29*((1+$D$9)^E4) -> 4.305 | F29: =$C$29*((1+$D$9)^F4) -> 4.412625 | G29: =$C$29*((1+$D$9)^G4) -> 4.5229406 | H29: =$C$29*((1+$D$9)^H4) -> 4.6360141 | I29: =$C$29*((1+$D$9)^I4) -> 4.7519145 | J29: =$C$29*((1+$D$9)^J4) -> 4.8707124 | K29: =$C$29*((1+$D$9)^K4) -> 4.9924802 | L29: =$C$29*((1+$D$9)^L4) -> 5.1172922 | ... S29: =$C$29*((1+$D$9)^S4) -> 6.0828523
B30: Số lượng gà màu giống - mái | C30: 12632 | E30: =$C$30*2 -> 25264 | F30: =E30 -> 25264 | G30: =F30 -> 25264 | H30: =G30 -> 25264 | I30: =H30 -> 25264 | J30: =I30 -> 25264 | K30: =J30 -> 25264 | L30: =K30 -> 25264 | M30: =L30 -> 25264 | ... S30: =R30 -> 25264
B31: Giá mua gà màu giống - mái (EUR) | C31: 4.41 | E31: =$C$31*((1+$D$9)^E4) -> 4.52025 | F31: =$C$31*((1+$D$9)^F4) -> 4.6332562 | G31: =$C$31*((1+$D$9)^G4) -> 4.7490877 | H31: =$C$31*((1+$D$9)^H4) -> 4.8678148 | I31: =$C$31*((1+$D$9)^I4) -> 4.9895102 | J31: =$C$31*((1+$D$9)^J4) -> 5.114248 | K31: =$C$31*((1+$D$9)^K4) -> 5.2421042 | L31: =$C$31*((1+$D$9)^L4) -> 5.3731568 | ... S31: =$C$31*((1+$D$9)^S4) -> 6.3869949
B32: Số lượng gà màu giống - trống | C32: 1380 | E32: =$C$32*2 -> 2760 | F32: =E32 -> 2760 | G32: =F32 -> 2760 | H32: =G32 -> 2760 | I32: =H32 -> 2760 | J32: =I32 -> 2760 | K32: =J32 -> 2760 | L32: =K32 -> 2760 | M32: =L32 -> 2760 | ... S32: =R32 -> 2760
B33: Giá mua gà màu giống - trống (EUR) | C33: 7.71 | E33: =$C$33*((1+$D$9)^E4) -> 7.90275 | F33: =$C$33*((1+$D$9)^F4) -> 8.1003187 | G33: =$C$33*((1+$D$9)^G4) -> 8.3028267 | H33: =$C$33*((1+$D$9)^H4) -> 8.5103974 | I33: =$C$33*((1+$D$9)^I4) -> 8.7231573 | J33: =$C$33*((1+$D$9)^J4) -> 8.9412363 | K33: =$C$33*((1+$D$9)^K4) -> 9.1647672 | L33: =$C$33*((1+$D$9)^L4) -> 9.3938863 | ... S33: =$C$33*((1+$D$9)^S4) -> 11.166379
A34: - | B34: Chi phí thức ăn chăn nuôi | E34: 11277.878 | F34: 22456 | G34: 23017 | H34: 23593 | I34: 23874 | J34: 24787 | K34: 25407 | L34: 26041 | M34: 26693 | N34: 27360 | O34: 28044 | P34: 28745 | Q34: 29465 | R34: 30200 | S34: 30955
A35: - | B35: Chi phí thuốc thú y | E35: 822.55248 | F35: 843.11629 | G35: 864.19419 | H35: 885.79905 | I35: 907.94403 | J35: 930.64263 | K35: 953.90869 | L35: 977.75641 | M35: 1002.2003 | N35: 1027.2553 | O35: 1052.9367 | P35: 1079.2601 | Q35: 1106.2416 | R35: 1133.8977 | S35: 1162.2451
A36: - | B36: Chi phí lương nhân viên | C36: 10 | D36: 25 | E36: =$C$36*(1+$D$13)^E4*$D$36*12 -> 3075 | F36: =$C$36*(1+$D$13)^F4*$D$36*12 -> 3151.875 | G36: =$C$36*(1+$D$13)^G4*$D$36*12 -> 3230.6719 | H36: =$C$36*(1+$D$13)^H4*$D$36*12 -> 3311.4387 | I36: =$C$36*(1+$D$13)^I4*$D$36*12 -> 3394.2246 | J36: =$C$36*(1+$D$13)^J4*$D$36*12 -> 3479.0803 | K36: =$C$36*(1+$D$13)^K4*$D$36*12 -> 3566.0573 | L36: =$C$36*(1+$D$13)^L4*$D$36*12 -> 3655.2087 | ... S36: =$C$36*(1+$D$13)^S4*$D$36*12 -> 4344.8945
A37: - | B37: Chi phí điện | E37: 165.5814 | F37: 381.10268 | G37: 390.63024 | H37: 400.396 | I37: 467.31465 | J37: 712.3234 | K37: 730.13149 | L37: 748.38477 | M37: 767.09439 | N37: 786.27175 | O37: 805.92855 | P37: 826.07676 | Q37: 846.72868 | R37: 867.8969 | S37: 889.59432
A38: - | B38: Chi phí trả cho bên chăn nuôi gà | E38: 7947.6759 | F38: 33933.36 | G38: 39098.973 | H38: 40076.447 | I38: 41078.358 | J38: 42105.317 | K38: 43157.95 | L38: 44236.899 | M38: 45342.822 | N38: 46476.392 | O38: 47638.302 | P38: 48829.259 | Q38: 50049.991 | R38: 51301.241 | S38: 52583.772
A39: - | B39: Chi phí cám cho gà gia công | E39: 37981.943 | F39: 162167.53 | G39: 186853.99 | H39: 191525.34 | I39: 196313.48 | J39: 201221.31 | K39: 206251.84 | L39: 211408.14 | M39: 216693.34 | N39: 222110.68 | O39: 227663.44 | P39: 233355.03 | Q39: 239188.91 | R39: 245168.63 | S39: 251297.85
A40: - | B40: Chi phí thuốc thú y cho gà gia công | C40: 3.3 | E40: =E12*(1+$D$13)^E4*$C$40 -> 4870.7816 | F40: =F12*(1+$D$13)^F4*$C$40 -> 15361.696 | G40: =G12*(1+$D$13)^G4*$C$40 -> 15745.738 | H40: =H12*(1+$D$13)^H4*$C$40 -> 16139.382 | I40: =I12*(1+$D$13)^I4*$C$40 -> 16542.866 | J40: =J12*(1+$D$13)^J4*$C$40 -> 16956.438 | K40: =K12*(1+$D$13)^K4*$C$40 -> 17380.349 | L40: =L12*(1+$D$13)^L4*$C$40 -> 17814.858 | ... S40: =S12*(1+$D$13)^S4*$C$40 -> 21176.267
A41: - | B41: Chi phí lãi vay vốn lưu động | C41: 0.07 | F41: ='VLD- Bảng 6'!E16*$C$41 -> 3424.1628 | G41: ='VLD- Bảng 6'!F16*$C$41 -> 3853.9136 | H41: ='VLD- Bảng 6'!G16*$C$41 -> 3950.2732 | I41: ='VLD- Bảng 6'!H16*$C$41 -> 4044.4078 | J41: ='VLD- Bảng 6'!I16*$C$41 -> 4150.0869 | K41: ='VLD- Bảng 6'!J16*$C$41 -> 4253.8325 | L41: ='VLD- Bảng 6'!K16*$C$41 -> 4360.1607 | M41: ='VLD- Bảng 6'!L16*$C$41 -> 4469.1886 | ... S41: ='VLD- Bảng 6'!R16*$C$41 -> 5182.8785
A42: - | B42: Chi phí lãi vay (Dài hạn) | E42: ='[4]Nguồn trả nợ- Bảng 6'!D9 -> 0 | F42: ='KH trả nợ-Bảng 5'!D12 -> 12000 | G42: ='KH trả nợ-Bảng 5'!E12 -> 10707.496 | H42: ='KH trả nợ-Bảng 5'!F12 -> 8952.0793 | I42: ='KH trả nợ-Bảng 5'!G12 -> 7043.2734 | J42: ='KH trả nợ-Bảng 5'!H12 -> 4956.6928 | K42: ='KH trả nợ-Bảng 5'!I12 -> 2726.032 | L42: ='KH trả nợ-Bảng 5'!J12 -> 311.4421 | M42: ='[4]Nguồn trả nợ- Bảng 6'!L9 -> 0 | N42: ='[4]Nguồn trả nợ- Bảng 6'!M9 -> 0 | O42: ='[4]Nguồn trả nợ- Bảng 6'!N9 -> 0 | P42: ='[4]Nguồn trả nợ- Bảng 6'!O9 -> 0 | Q42: ='[4]Nguồn trả nợ- Bảng 6'!P9 -> 0 | R42: ='[4]Nguồn trả nợ- Bảng 6'!Q9 -> 0 | S42: ='[4]Nguồn trả nợ- Bảng 6'!R9 -> 0
B43: Chi phí sửa chữa nhỏ, thay thế | E43: 233 | F43: 733 | G43: 751 | H43: 770 | I43: 789 | J43: 809 | K43: 829 | L43: 850 | M43: 871 | N43: 893 | O43: 915 | P43: 938 | Q43: 961 | R43: 985 | S43: 1010
B44: Chi phí thẩm định MMTB | E44: 400
A45: - | B45: Chi phí quản lý (2,0% DTC) | C45: 0.02 | E45: =$C$45*E6 -> 1417.2904 | F45: =$C$45*F6 -> 5889.5816 | G45: =$C$45*G6 -> 6728.4865 | H45: =$C$45*H6 -> 6896.6986 | I45: =$C$45*I6 -> 7069.1161 | J45: =$C$45*J6 -> 7245.844 | K45: =$C$45*K6 -> 7426.9901 | L45: =$C$45*L6 -> 7612.6648 | ... S45: =$C$45*S6 -> 9049.0662
A46: - | B46: Chi phí bán hàng (3,0% DTC) | C46: 0.03 | E46: =$C$46*E6 -> 2125.9356 | F46: =$C$46*F6 -> 8834.3724 | G46: =$C$46*G6 -> 10092.73 | H46: =$C$46*H6 -> 10345.048 | I46: =$C$46*I6 -> 10603.674 | J46: =$C$46*J6 -> 10868.766 | K46: =$C$46*K6 -> 11140.485 | L46: =$C$46*L6 -> 11418.997 | ... S46: =$C$46*S6 -> 13573.599
A47: - | B47: Chi phí khác (0,5% DTC) | C47: 0.005 | E47: =$C$47*E6 -> 354.32259 | F47: =$C$47*F6 -> 1472.3954 | G47: =$C$47*G6 -> 1682.1216 | H47: =$C$47*H6 -> 1724.1747 | I47: =$C$47*I6 -> 1767.279 | J47: =$C$47*J6 -> 1811.461 | K47: =$C$47*K6 -> 1856.7475 | L47: =$C$47*L6 -> 1903.1662 | ... S47: =$C$47*S6 -> 2262.2666
B48: Chi phí dự phòng (1% DTC) | C48: 0.01 | E48: =$C$48*E6 -> 708.64519 | F48: =$C$48*F6 -> 2944.7908 | G48: =$C$48*G6 -> 3364.2432 | H48: =$C$48*H6 -> 3448.3493 | I48: =$C$48*I6 -> 3534.558 | J48: =$C$48*J6 -> 3622.922 | K48: =$C$48*K6 -> 3713.495 | L48: =$C$48*L6 -> 3806.3324 | ... S48: =$C$48*S6 -> 4524.5331
A49: 2 | B49: Định phí | E49: =SUM(E50:E51) -> 14092.919 | F49: =SUM(F50:F51) -> 14092.919 | G49: =SUM(G50:G51) -> 14950.461 | H49: =SUM(H50:H51) -> 14950.461 | I49: =SUM(I50:I51) -> 14950.461 | J49: =SUM(J50:J51) -> 14950.461 | K49: =SUM(K50:K51) -> 14950.461 | L49: =SUM(L50:L51) -> 14950.461 | ... S49: =SUM(S50:S51) -> 14950.461
B50: Khấu hao cơ bản | E50: ='[4]Khấu hao- Bảng 3'!E8 -> 14092.919 | F50: ='[4]Khấu hao- Bảng 3'!F8 -> 14092.919 | G50: ='[4]Khấu hao- Bảng 3'!G8 -> 14092.919 | H50: ='[4]Khấu hao- Bảng 3'!H8 -> 14092.919 | I50: ='[4]Khấu hao- Bảng 3'!I8 -> 14092.919 | J50: ='[4]Khấu hao- Bảng 3'!J8 -> 14092.919 | K50: ='[4]Khấu hao- Bảng 3'!K8 -> 14092.919 | L50: ='[4]Khấu hao- Bảng 3'!L8 -> 14092.919 | ... S50: ='[4]Khấu hao- Bảng 3'!S8 -> 14092.919
B51: Chi phí sửa chữa lớn | C51: 0.005 | E51: 0 | F51: 0 | G51: =$C$51*'[4]Tổng mức đầu tư-Bảng 1'!$D$42 -> 857.5429 | H51: =G51 -> 857.5429 | I51: =H51 -> 857.5429 | J51: =I51 -> 857.5429 | K51: =J51 -> 857.5429 | L51: =K51 -> 857.5429 | M51: =L51 -> 857.5429 | N51: =M51 -> 857.5429 | O51: =N51 -> 857.5429 | ... S51: =R51 -> 857.5429
A52: C | B52: Lợi nhuận trước thuế | E52: =E5-E25 -> -21374.631 | F52: =F5-F25 -> 5464.2818 | G52: =G5-G25 -> 13730.578 | H52: =H5-H25 -> 16469.671 | I52: =I5-I25 -> 19644.22 | J52: =J5-J25 -> 22217.08 | K52: =K5-K25 -> 25501.528 | L52: =L5-L25 -> 28996.486 | ... S52: =S5-S25 -> 37658.052
A53: D | B53: Thuế TNDN (20%) | C53: 0.2 | E53: 0 | F53: =F52*$C$53 -> 1092.8564 | G53: =G52*$C$53 -> 2746.1155 | H53: =H52*$C$53 -> 3293.9342 | I53: =I52*$C$53 -> 3928.8441 | J53: =J52*$C$53 -> 4443.416 | K53: =K52*$C$53 -> 5100.3057 | L53: =L52*$C$53 -> 5799.2973 | M53: =M52*$C$53 -> 6082.6029 | ... S53: =S52*$C$53 -> 7531.6104
A54: E | B54: Lợi nhuận sau thuế | E54: =E52-E53 -> -21374.631 | F54: =F52-F53 -> 4371.4255 | G54: =G52-G53 -> 10984.462 | H54: =H52-H53 -> 13175.737 | I54: =I52-I53 -> 15715.376 | J54: =J52-J53 -> 17773.664 | K54: =K52-K53 -> 20401.223 | L54: =L52-L53 -> 23197.189 | ... S54: =S52-S53 -> 30126.442
A63: Năm | D63: 2017 | E63: 2018 | F63: 2019 | G63: 2020 | H63: 2021 | I63: 2022 | J63: 2023 | K63: 2024 | L63: 2025 | M63: 2026 | N63: 2027 | O63: 2028 | P63: 2029 | Q63: 2030 | R63: 2031 | S63: 2032
A64: Tổng nhu cầu vốn lưu động cần thiết | E64: =E27+E34+E35+E36+E37+E38+E39+E40+E43+E44+E45+E46+E47+E48 -> 78796.606 | F64: =F27+F34+F35+F36+F37+F38+F39+F40+F43+F44+F45+F46+F47+F48 -> 265769.82 | G64: =G27+G34+G35+G36+G37+G38+G39+G40+G43+G44+G45+G46+G47+G48 -> 299610.78 | H64: =H27+H34+H35+H36+H37+H38+H39+H40+H43+H44+H45+H46+H47+H48 -> 307102.07 | I64: =I27+I34+I35+I36+I37+I38+I39+I40+I43+I44+I45+I46+I47+I48 -> 314527.81 | J64: =J27+J34+J35+J36+J37+J38+J39+J40+J43+J44+J45+J46+J47+J48 -> 322941.11 | K64: =K27+K34+K35+K36+K37+K38+K39+K40+K43+K44+K45+K46+K47+K48 -> 331013.96 | L64: =L27+L34+L35+L36+L37+L38+L39+L40+L43+L44+L45+L46+L47+L48 -> 339288.41 | ... S64: =S27+S34+S35+S36+S37+S38+S39+S40+S43+S44+S45+S46+S47+S48 -> 403308.08
A65: Chi phí cho nuôi gà gia công | E65: =E38+E39+E40+SUM(E45:E48)*50% -> 53103.497 | F65: =F38+F39+F40+SUM(F45:F48)*50% -> 221033.16 | G65: =G38+G39+G40+SUM(G45:G48)*50% -> 252632.49 | H65: =H38+H39+H40+SUM(H45:H48)*50% -> 258948.31 | I65: =I38+I39+I40+SUM(I45:I48)*50% -> 265422.01 | J65: =J38+J39+J40+SUM(J45:J48)*50% -> 272057.56 | K65: =K38+K39+K40+SUM(K45:K48)*50% -> 278859 | L65: =L38+L39+L40+SUM(L45:L48)*50% -> 285830.48 | ... S65: =S38+S39+S40+SUM(S45:S48)*50% -> 339762.62
A66: Vòng quay (2 tuần khử trùng + 6 tuần nuôi) | C66: 6.5 | D66: vòng | E66: =E65/$C$66 -> 8169.7688 | F66: =F65/$C$66 -> 34005.101 | G66: =G65/$C$66 -> 38866.537 | H66: =H65/$C$66 -> 39838.201 | I66: =I65/$C$66 -> 40834.156 | J66: =J65/$C$66 -> 41855.01 | K66: =K65/$C$66 -> 42901.385 | L66: =L65/$C$66 -> 43973.92 | ... S66: =S65/$C$66 -> 52271.172
A67: Chi phí vốn lưu động còn lại | E67: =E64-E65 -> 25693.109 | F67: =F64-F65 -> 44736.664 | G67: =G64-G65 -> 46978.287 | H67: =H64-H65 -> 48153.769 | I67: =I64-I65 -> 49105.797 | J67: =J64-J65 -> 50883.543 | K67: =K64-K65 -> 52154.956 | L67: =L64-L65 -> 53457.93 | ... S67: =S64-S65 -> 63545.467
A68: Vòng quay (19 tuần hậu bị + 5 tuần chuyển chuồng + 3 tuần ấp nở) | C68: 1.9 | D68: vòng | E68: =E67/$C$68 -> 13522.689 | F68: =F67/$C$68 -> 23545.613 | G68: =G67/$C$68 -> 24725.414 | H68: =H67/$C$68 -> 25344.089 | I68: =I67/$C$68 -> 25845.156 | J68: =J67/$C$68 -> 26780.812 | K68: =K67/$C$68 -> 27449.977 | L68: =L67/$C$68 -> 28135.753 | ... S68: =S67/$C$68 -> 33444.982
A69: Tổng nhu cầu vốn cho 1 vòng quay | E69: =E66+E68 -> 21692.458 | F69: =F66+F68 -> 57550.714 | G69: =G66+G68 -> 63591.952 | H69: =H66+H68 -> 65182.29 | I69: =I66+I68 -> 66679.312 | J69: =J66+J68 -> 68635.822 | K69: =K66+K68 -> 70351.362 | L69: =L66+L68 -> 72109.672 | ... S69: =S66+S68 -> 85716.154
A70: Vay vốn lưu động | C70: 0.85 | E70: =E69*$C$70 -> 18438.589 | F70: =F69*$C$70 -> 48918.107 | G70: =G69*$C$70 -> 54053.159 | H70: =H69*$C$70 -> 55404.946 | I70: =I69*$C$70 -> 56677.415 | J70: =J69*$C$70 -> 58340.449 | K70: =K69*$C$70 -> 59798.658 | L70: =L69*$C$70 -> 61293.222 | ... S70: =S69*$C$70 -> 72858.731
A71: Vốn đối ứng | C71: 0.15 | E71: =E69*$C$71 -> 3253.8686 | F71: =F69*$C$71 -> 8632.607 | G71: =G69*$C$71 -> 9538.7927 | H71: =H69*$C$71 -> 9777.3435 | I71: =I69*$C$71 -> 10001.897 | J71: =J69*$C$71 -> 10295.373 | K71: =K69*$C$71 -> 10552.704 | L71: =L69*$C$71 -> 10816.451 | ... S71: =S69*$C$71 -> 12857.423

Sheet KH trả nợ-Bảng 5
A1: BẢNG 5: KẾ HOẠCH TRẢ NỢ GỐC
B2: 0 | C2: 1 | D2: 2 | E2: 3 | F2: 4 | G2: 5 | H2: 6 | I2: 7 | J2: 8 | K2: 9 | L2: 10 | M2: 10 | N2: 11 | O2: 14 | P2: 15 | Q2: 16
A3: Thông số | B3: Năm XDCB | C3: Năm 2018 | D3: Năm 2019 | E3: Năm 2020 | F3: Năm 2021 | G3: Năm 2022 | H3: Năm 2023 | I3: Năm 2024 | J3: Năm 2025 | K3: Năm 2026 | L3: Năm 2027 | M3: Năm 2028 | N3: Năm 2029 | O3: Năm 2030 | P3: Năm 2031 | Q3: Năm 2032
A4: I. Nguồn trả nợ gốc | C4: =SUM(C5:C6) -> -11509.588 | D4: =SUM(D5:D6) -> 12925.041 | E4: =SUM(E5:E6) -> 17554.166 | F4: =SUM(F5:F6) -> 19088.059 | G4: =SUM(G5:G6) -> 20865.806 | H4: =SUM(H5:H6) -> 22306.608 | I4: =SUM(I5:I6) -> 24145.899 | J4: =SUM(J5:J6) -> 26103.075 | ... Q4: =SUM(Q5:Q6) -> 30953.552
A5: 1. Khấu hao cơ bản | C5: ='Thong so - Độ nhậy - Bảng 1'!$N$11*'Khấu hao- Bảng 3'!E8 -> 9865.043 | D5: ='Thong so - Độ nhậy - Bảng 1'!$N$11*'Khấu hao- Bảng 3'!F8 -> 9865.043 | E5: ='Thong so - Độ nhậy - Bảng 1'!$N$11*'Khấu hao- Bảng 3'!G8 -> 9865.043 | F5: ='Thong so - Độ nhậy - Bảng 1'!$N$11*'Khấu hao- Bảng 3'!H8 -> 9865.043 | G5: ='Thong so - Độ nhậy - Bảng 1'!$N$11*'Khấu hao- Bảng 3'!I8 -> 9865.043 | H5: ='Thong so - Độ nhậy - Bảng 1'!$N$11*'Khấu hao- Bảng 3'!J8 -> 9865.043 | I5: ='Thong so - Độ nhậy - Bảng 1'!$N$11*'Khấu hao- Bảng 3'!K8 -> 9865.043 | J5: ='Thong so - Độ nhậy - Bảng 1'!$N$11*'Khấu hao- Bảng 3'!L8 -> 9865.043 | ... Q5: ='Thong so - Độ nhậy - Bảng 1'!$N$11*'Khấu hao- Bảng 3'!S8 -> 9865.043
A6: 2. Lợi nhuận sau thuế | C6: =IF('KQKD- Bảng 4 '!E54>0,'KQKD- Bảng 4 '!E54*'Thong so - Độ nhậy - Bảng 1'!$N$12,'KQKD- Bảng 4 '!E54) -> -21374.631 | D6: =IF('KQKD- Bảng 4 '!F54>0,'KQKD- Bảng 4 '!F54*'Thong so - Độ nhậy - Bảng 1'!$N$12,'KQKD- Bảng 4 '!F54) -> 3059.9978 | E6: =IF('KQKD- Bảng 4 '!G54>0,'KQKD- Bảng 4 '!G54*'Thong so - Độ nhậy - Bảng 1'!$N$12,'KQKD- Bảng 4 '!G54) -> 7689.1234 | F6: =IF('KQKD- Bảng 4 '!H54>0,'KQKD- Bảng 4 '!H54*'Thong so - Độ nhậy - Bảng 1'!$N$12,'KQKD- Bảng 4 '!H54) -> 9223.0156 | G6: =IF('KQKD- Bảng 4 '!I54>0,'KQKD- Bảng 4 '!I54*'Thong so - Độ nhậy - Bảng 1'!$N$12,'KQKD- Bảng 4 '!I54) -> 11000.763 | H6: =IF('KQKD- Bảng 4 '!J54>0,'KQKD- Bảng 4 '!J54*'Thong so - Độ nhậy - Bảng 1'!$N$12,'KQKD- Bảng 4 '!J54) -> 12441.565 | I6: =IF('KQKD- Bảng 4 '!K54>0,'KQKD- Bảng 4 '!K54*'Thong so - Độ nhậy - Bảng 1'!$N$12,'KQKD- Bảng 4 '!K54) -> 14280.856 | J6: =IF('KQKD- Bảng 4 '!L54>0,'KQKD- Bảng 4 '!L54*'Thong so - Độ nhậy - Bảng 1'!$N$12,'KQKD- Bảng 4 '!L54) -> 16238.032 | ... Q6: =IF('KQKD- Bảng 4 '!S54>0,'KQKD- Bảng 4 '!S54*'Thong so - Độ nhậy - Bảng 1'!$N$12,'KQKD- Bảng 4 '!S54) -> 21088.509
A7: Cân đối trả nợ
A8: II. Trả nợ Agribank | C8: =IF(C9<C11,C9/C11*12/100+C3-1,0) -> 0 | D8: =IF(D9<D4,IF(C13>0,D9/D4+C2,0),0) -> 0 | E8: =IF(E9<E4,IF(D13>0,E9/E4+D2,0),0) -> 0 | F8: =IF(F9<F4,IF(E13>0,F9/F4+E2,0),0) -> 0 | G8: =IF(G9<G4,IF(F13>0,G9/G4+F2,0),0) -> 0 | H8: =IF(H9<H4,IF(G13>0,H9/H4+G2,0),0) -> 0 | I8: =IF(I9<I4,IF(H13>0,I9/I4+H2,0),0) -> 0 | J8: =IF(J9<J4,IF(I13>0,J9/J4+I2,0),0) -> 7.1193124 | K8: =IF(K9<K4,IF(J13>0,K9/K4+J2,0),0) -> 8
A9: 1. Dư nợ đầu kỳ | B9: 120000 | C9: =B13 -> 120000 | D9: =C13 -> 120000 | E9: =D13 -> 107074.96 | F9: =E13 -> 89520.793 | G9: =F13 -> 70432.734 | H9: =G13 -> 49566.928 | I9: =H13 -> 27260.32 | J9: =I13 -> 3114.421
A10: 2. Giải ngân trong kỳ
A11: 3. Trả Gốc | D11: =D4 -> 12925.041 | E11: =E4 -> 17554.166 | F11: =F4 -> 19088.059 | G11: =G4 -> 20865.806 | H11: =H4 -> 22306.608 | I11: =I4 -> 24145.899 | J11: 3114
A12: 4. Lãi vay | D12: =D9*'Thong so - Độ nhậy - Bảng 1'!$N$16 -> 12000 | E12: =E9*'Thong so - Độ nhậy - Bảng 1'!$N$16 -> 10707.496 | F12: =F9*'Thong so - Độ nhậy - Bảng 1'!$N$16 -> 8952.0793 | G12: =G9*'Thong so - Độ nhậy - Bảng 1'!$N$16 -> 7043.2734 | H12: =H9*'Thong so - Độ nhậy - Bảng 1'!$N$16 -> 4956.6928 | I12: =I9*'Thong so - Độ nhậy - Bảng 1'!$N$16 -> 2726.032 | J12: =J9*'Thong so - Độ nhậy - Bảng 1'!$N$16 -> 311.4421
A13: 4. Dư nợ cuối kỳ | B13: =IF(B9>B11,B9-B11,0) -> 120000 | C13: =IF(C9>C11,C9-C11,0) -> 120000 | D13: =IF(D9>D11,D9-D11,0)+D10 -> 107074.96 | E13: =IF(E9>E11,E9-E11,0) -> 89520.793 | F13: =IF(F9>F11,F9-F11,0) -> 70432.734 | G13: =IF(G9>G11,G9-G11,0) -> 49566.928 | H13: =IF(H9>H11,H9-H11,0) -> 27260.32 | I13: =IF(I9>I11,I9-I11,0) -> 3114.421 | J13: =IF(J9>J11,J9-J11,0) -> 0.42099263
A14: III. Tổng trả nợ gốc | C14: =C15+C16 -> 0 | D14: =D15+D16 -> 12925.041 | E14: =E15+E16 -> 17554.166 | F14: =F15+F16 -> 19088.059 | G14: =G15+G16 -> 20865.806 | H14: =H15+H16 -> 22306.608 | I14: =I15+I16 -> 24145.899 | J14: =J15+J16 -> 3114
A15: 1. Gốc | C15: =C11 -> 0 | D15: =D11 -> 12925.041 | E15: =E11 -> 17554.166 | F15: =F11 -> 19088.059 | G15: =G11 -> 20865.806 | H15: =H11 -> 22306.608 | I15: =I11 -> 24145.899 | J15: =J11 -> 3114
A16: 2. Lãi vay
A17: Thời hạn cho vay | B17: 73 | C17: tháng (không kể thời gian ân hạn)
B18: 88 | C18: tháng (cả thời gian ân hạn)

Sheet VLD- Bảng 6
A2: BẢNG 6: NHU CẦU VỐN LƯU ĐỘNG
A3: STT | B3: KHOẢN MỤC | C3: Năm XDCB | D3: NĂM HOẠT ĐỘNG
D4: 1 | E4: 2 | F4: 3 | G4: 4 | H4: 5 | I4: 6 | J4: 7 | K4: 8 | L4: 9 | M4: 10 | N4: 11 | O4: 12 | P4: 13 | Q4: 14 | R4: 15
A5: 1 | B5: Doanh thu | D5: ='KQKD- Bảng 4 '!E5 -> 71514.893 | E5: ='KQKD- Bảng 4 '!F5 -> 300751.18 | F5: ='KQKD- Bảng 4 '!G5 -> 342853.23 | G5: ='KQKD- Bảng 4 '!H5 -> 351424.56 | H5: ='KQKD- Bảng 4 '!I5 -> 360210.17 | I5: ='KQKD- Bảng 4 '!J5 -> 369215.43 | J5: ='KQKD- Bảng 4 '!K5 -> 378445.81 | K5: ='KQKD- Bảng 4 '!L5 -> 387906.96 | ... R5: ='KQKD- Bảng 4 '!S5 -> 461099.48
A6: 2 | B6: Chi phí hoạt động | D6: ='KQKD- Bảng 4 '!E36+'KQKD- Bảng 4 '!E37+'KQKD- Bảng 4 '!E38+'KQKD- Bảng 4 '!E43+'KQKD- Bảng 4 '!E44+'KQKD- Bảng 4 '!E45+'KQKD- Bảng 4 '!E46+'KQKD- Bảng 4 '!E47+'KQKD- Bảng 4 '!E48 -> 16427.451 | E6: ='KQKD- Bảng 4 '!F36+'KQKD- Bảng 4 '!F37+'KQKD- Bảng 4 '!F38+'KQKD- Bảng 4 '!F43+'KQKD- Bảng 4 '!F44+'KQKD- Bảng 4 '!F45+'KQKD- Bảng 4 '!F46+'KQKD- Bảng 4 '!F47+'KQKD- Bảng 4 '!F48 -> 57340.478 | F6: ='KQKD- Bảng 4 '!G36+'KQKD- Bảng 4 '!G37+'KQKD- Bảng 4 '!G38+'KQKD- Bảng 4 '!G43+'KQKD- Bảng 4 '!G44+'KQKD- Bảng 4 '!G45+'KQKD- Bảng 4 '!G46+'KQKD- Bảng 4 '!G47+'KQKD- Bảng 4 '!G48 -> 65338.856 | G6: ='KQKD- Bảng 4 '!H36+'KQKD- Bảng 4 '!H37+'KQKD- Bảng 4 '!H38+'KQKD- Bảng 4 '!H43+'KQKD- Bảng 4 '!H44+'KQKD- Bảng 4 '!H45+'KQKD- Bảng 4 '!H46+'KQKD- Bảng 4 '!H47+'KQKD- Bảng 4 '!H48 -> 66972.552 | H6: ='KQKD- Bảng 4 '!I36+'KQKD- Bảng 4 '!I37+'KQKD- Bảng 4 '!I38+'KQKD- Bảng 4 '!I43+'KQKD- Bảng 4 '!I44+'KQKD- Bảng 4 '!I45+'KQKD- Bảng 4 '!I46+'KQKD- Bảng 4 '!I47+'KQKD- Bảng 4 '!I48 -> 68703.525 | I6: ='KQKD- Bảng 4 '!J36+'KQKD- Bảng 4 '!J37+'KQKD- Bảng 4 '!J38+'KQKD- Bảng 4 '!J43+'KQKD- Bảng 4 '!J44+'KQKD- Bảng 4 '!J45+'KQKD- Bảng 4 '!J46+'KQKD- Bảng 4 '!J47+'KQKD- Bảng 4 '!J48 -> 70654.714 | J6: ='KQKD- Bảng 4 '!K36+'KQKD- Bảng 4 '!K37+'KQKD- Bảng 4 '!K38+'KQKD- Bảng 4 '!K43+'KQKD- Bảng 4 '!K44+'KQKD- Bảng 4 '!K45+'KQKD- Bảng 4 '!K46+'KQKD- Bảng 4 '!K47+'KQKD- Bảng 4 '!K48 -> 72420.857 | K6: ='KQKD- Bảng 4 '!L36+'KQKD- Bảng 4 '!L37+'KQKD- Bảng 4 '!L38+'KQKD- Bảng 4 '!L43+'KQKD- Bảng 4 '!L44+'KQKD- Bảng 4 '!L45+'KQKD- Bảng 4 '!L46+'KQKD- Bảng 4 '!L47+'KQKD- Bảng 4 '!L48 -> 74231.653 | ... R6: ='KQKD- Bảng 4 '!S36+'KQKD- Bảng 4 '!S37+'KQKD- Bảng 4 '!S38+'KQKD- Bảng 4 '!S43+'KQKD- Bảng 4 '!S44+'KQKD- Bảng 4 '!S45+'KQKD- Bảng 4 '!S46+'KQKD- Bảng 4 '!S47+'KQKD- Bảng 4 '!S48 -> 88237.726
A7: 3 | B7: Chi phí nguyên, nhiên vật liệu | D7: ='KQKD- Bảng 4 '!E27+'KQKD- Bảng 4 '!E34+'KQKD- Bảng 4 '!E35+'KQKD- Bảng 4 '!E39+'KQKD- Bảng 4 '!E40 -> 62369.155 | E7: ='KQKD- Bảng 4 '!F27+'KQKD- Bảng 4 '!F34+'KQKD- Bảng 4 '!F35+'KQKD- Bảng 4 '!F39+'KQKD- Bảng 4 '!F40 -> 208429.34 | F7: ='KQKD- Bảng 4 '!G27+'KQKD- Bảng 4 '!G34+'KQKD- Bảng 4 '!G35+'KQKD- Bảng 4 '!G39+'KQKD- Bảng 4 '!G40 -> 234271.92 | G7: ='KQKD- Bảng 4 '!H27+'KQKD- Bảng 4 '!H34+'KQKD- Bảng 4 '!H35+'KQKD- Bảng 4 '!H39+'KQKD- Bảng 4 '!H40 -> 240129.52 | H7: ='KQKD- Bảng 4 '!I27+'KQKD- Bảng 4 '!I34+'KQKD- Bảng 4 '!I35+'KQKD- Bảng 4 '!I39+'KQKD- Bảng 4 '!I40 -> 245824.29 | I7: ='KQKD- Bảng 4 '!J27+'KQKD- Bảng 4 '!J34+'KQKD- Bảng 4 '!J35+'KQKD- Bảng 4 '!J39+'KQKD- Bảng 4 '!J40 -> 252286.39 | J7: ='KQKD- Bảng 4 '!K27+'KQKD- Bảng 4 '!K34+'KQKD- Bảng 4 '!K35+'KQKD- Bảng 4 '!K39+'KQKD- Bảng 4 '!K40 -> 258593.1 | K7: ='KQKD- Bảng 4 '!L27+'KQKD- Bảng 4 '!L34+'KQKD- Bảng 4 '!L35+'KQKD- Bảng 4 '!L39+'KQKD- Bảng 4 '!L40 -> 265056.75 | ... R7: ='KQKD- Bảng 4 '!S27+'KQKD- Bảng 4 '!S34+'KQKD- Bảng 4 '!S35+'KQKD- Bảng 4 '!S39+'KQKD- Bảng 4 '!S40 -> 315070.36
A8: 4 | B8: Các khoản phải thu AR | D8: =D5*'Thong so - Độ nhậy - Bảng 1'!$C$23 -> 715.14893 | E8: =E5*'Thong so - Độ nhậy - Bảng 1'!$C$23 -> 3007.5118 | F8: =F5*'Thong so - Độ nhậy - Bảng 1'!$C$23 -> 3428.5323 | G8: =G5*'Thong so - Độ nhậy - Bảng 1'!$C$23 -> 3514.2456 | H8: =H5*'Thong so - Độ nhậy - Bảng 1'!$C$23 -> 3602.1017 | I8: =I5*'Thong so - Độ nhậy - Bảng 1'!$C$23 -> 3692.1543 | J8: =J5*'Thong so - Độ nhậy - Bảng 1'!$C$23 -> 3784.4581 | K8: =K5*'Thong so - Độ nhậy - Bảng 1'!$C$23 -> 3879.0696 | ... R8: =R5*'Thong so - Độ nhậy - Bảng 1'!$C$23 -> 4610.9948
A9: 5 | B9: DAR = AR1 - AR2 | D9: =C8-D8 -> -715.14893 | E9: =D8-E8 -> -2292.3629 | F9: =E8-F8 -> -421.02046 | G9: =F8-G8 -> -85.713307 | H9: =G8-H8 -> -87.85614 | I9: =H8-I8 -> -90.052543 | J9: =I8-J8 -> -92.303857 | K9: =J8-K8 -> -94.611453 | ... R9: =Q8-R8 -> -112.46329
A10: 6 | B10: Các khoản phải trả AP | D10: =D6*'Thong so - Độ nhậy - Bảng 1'!$C$24 -> 164.27451 | E10: =E6*'Thong so - Độ nhậy - Bảng 1'!$C$24 -> 573.40478 | F10: =F6*'Thong so - Độ nhậy - Bảng 1'!$C$24 -> 653.38856 | G10: =G6*'Thong so - Độ nhậy - Bảng 1'!$C$24 -> 669.72552 | H10: =H6*'Thong so - Độ nhậy - Bảng 1'!$C$24 -> 687.03525 | I10: =I6*'Thong so - Độ nhậy - Bảng 1'!$C$24 -> 706.54714 | J10: =J6*'Thong so - Độ nhậy - Bảng 1'!$C$24 -> 724.20857 | K10: =K6*'Thong so - Độ nhậy - Bảng 1'!$C$24 -> 742.31653 | ... R10: =R6*'Thong so - Độ nhậy - Bảng 1'!$C$24 -> 882.37726
A11: 7 | B11: DAP = AP1 - AP2 | D11: =C10-D10 -> -164.27451 | E11: =D10-E10 -> -409.13027 | F11: =E10-F10 -> -79.983778 | G11: =F10-G10 -> -16.336964 | H11: =G10-H10 -> -17.309726 | I11: =H10-I10 -> -19.51189 | J11: =I10-J10 -> -17.661429 | K11: =J10-K10 -> -18.107964 | ... R11: =Q10-R10 -> -21.525055
A12: 8 | B12: Cân đối tiền mặt CB | D12: =D5*'Thong so - Độ nhậy - Bảng 1'!$C$25 -> 715.14893 | E12: =E5*'Thong so - Độ nhậy - Bảng 1'!$C$25 -> 3007.5118 | F12: =F5*'Thong so - Độ nhậy - Bảng 1'!$C$25 -> 3428.5323 | G12: =G5*'Thong so - Độ nhậy - Bảng 1'!$C$25 -> 3514.2456 | H12: =H5*'Thong so - Độ nhậy - Bảng 1'!$C$25 -> 3602.1017 | I12: =I5*'Thong so - Độ nhậy - Bảng 1'!$C$25 -> 3692.1543 | J12: =J5*'Thong so - Độ nhậy - Bảng 1'!$C$25 -> 3784.4581 | K12: =K5*'Thong so - Độ nhậy - Bảng 1'!$C$25 -> 3879.0696 | ... R12: =R5*'Thong so - Độ nhậy - Bảng 1'!$C$25 -> 4610.9948
A13: 9 | B13: DCB = CB2 - CB1 | D13: =-C12+D12 -> 715.14893 | E13: =-D12+E12 -> 2292.3629 | F13: =-E12+F12 -> 421.02046 | G13: =-F12+G12 -> 85.713307 | H13: =-G12+H12 -> 87.85614 | I13: =-H12+I12 -> 90.052543 | J13: =-I12+J12 -> 92.303857 | K13: =-J12+K12 -> 94.611453 | ... R13: =-Q12+R12 -> 112.46329
A14: 10 | B14: Tồn kho hàng hóa | D14: =D7/'Thong so - Độ nhậy - Bảng 1'!$C$26 -> 15592.289 | E14: =E7/'Thong so - Độ nhậy - Bảng 1'!$C$26 -> 52107.335 | F14: =F7/'Thong so - Độ nhậy - Bảng 1'!$C$26 -> 58567.981 | G14: =G7/'Thong so - Độ nhậy - Bảng 1'!$C$26 -> 60032.381 | H14: =H7/'Thong so - Độ nhậy - Bảng 1'!$C$26 -> 61456.071 | I14: =I7/'Thong so - Độ nhậy - Bảng 1'!$C$26 -> 63071.598 | J14: =J7/'Thong so - Độ nhậy - Bảng 1'!$C$26 -> 64648.276 | K14: =K7/'Thong so - Độ nhậy - Bảng 1'!$C$26 -> 66264.189 | ... R14: =R7/'Thong so - Độ nhậy - Bảng 1'!$C$26 -> 78767.589
A15: 11 | B15: Vốn lưu động (4-6+8+10) | D15: =D8-D10+D12+D14 -> 16858.312 | E15: =E8-E10+E12+E14 -> 57548.954 | F15: =F8-F10+F12+F14 -> 64771.657 | G15: =G8-G10+G12+G14 -> 66391.146 | H15: =H8-H10+H12+H14 -> 67973.24 | I15: =I8-I10+I12+I14 -> 69749.36 | J15: =J8-J10+J12+J14 -> 71492.983 | K15: =K8-K10+K12+K14 -> 73280.011 | ... R15: =R8-R10+R12+R14 -> 87107.202
A16: 12 | B16: Nhu cầu vay vốn | D16: ='Thong so - Độ nhậy - Bảng 1'!$C$27*D15 -> 14329.565 | E16: ='Thong so - Độ nhậy - Bảng 1'!$C$27*E15 -> 48916.611 | F16: ='Thong so - Độ nhậy - Bảng 1'!$C$27*F15 -> 55055.908 | G16: ='Thong so - Độ nhậy - Bảng 1'!$C$27*G15 -> 56432.474 | H16: ='Thong so - Độ nhậy - Bảng 1'!$C$27*H15 -> 57777.254 | I16: ='Thong so - Độ nhậy - Bảng 1'!$C$27*I15 -> 59286.956 | J16: ='Thong so - Độ nhậy - Bảng 1'!$C$27*J15 -> 60769.036 | K16: ='Thong so - Độ nhậy - Bảng 1'!$C$27*K15 -> 62288.01 | ... R16: ='Thong so - Độ nhậy - Bảng 1'!$C$27*R15 -> 74041.121
A17: 12 | B17: Lãi vay VLĐ | D17: =D16*'Thong so - Độ nhậy - Bảng 1'!$N$20 -> 1003.0696 | E17: =E16*'Thong so - Độ nhậy - Bảng 1'!$N$20 -> 3424.1628 | F17: =F16*'Thong so - Độ nhậy - Bảng 1'!$N$20 -> 3853.9136 | G17: =G16*'Thong so - Độ nhậy - Bảng 1'!$N$20 -> 3950.2732 | H17: =H16*'Thong so - Độ nhậy - Bảng 1'!$N$20 -> 4044.4078 | I17: =I16*'Thong so - Độ nhậy - Bảng 1'!$N$20 -> 4150.0869 | J17: =J16*'Thong so - Độ nhậy - Bảng 1'!$N$20 -> 4253.8325 | K17: =K16*'Thong so - Độ nhậy - Bảng 1'!$N$20 -> 4360.1607 | ... R17: =R16*'Thong so - Độ nhậy - Bảng 1'!$N$20 -> 5182.8785

Sheet NPV (Tong dau tu) -Bảng 7
A1: BẢNG 7: DÒNG TIỀN THEO QUAN ĐIỂM TỔNG ĐẦU TƯ (TIP)
A3: STT | B3: KHOẢN MỤC | C3: 2017 | D3: 2018 | E3: 2019 | F3: 2020 | G3: 2021 | H3: 2022 | I3: 2023 | J3: 2024 | K3: 2025 | L3: 2026 | M3: 2027 | N3: 2028 | O3: 2029 | P3: 2030 | Q3: 2031 | R3: 2032
A5: 1 | B5: Dòng tiền vào
B6: - Doanh thu | D6: ='KQKD- Bảng 4 '!E5 -> 71514.893 | E6: ='KQKD- Bảng 4 '!F5 -> 300751.18 | F6: ='KQKD- Bảng 4 '!G5 -> 342853.23 | G6: ='KQKD- Bảng 4 '!H5 -> 351424.56 | H6: ='KQKD- Bảng 4 '!I5 -> 360210.17 | I6: ='KQKD- Bảng 4 '!J5 -> 369215.43 | J6: ='KQKD- Bảng 4 '!K5 -> 378445.81 | K6: ='KQKD- Bảng 4 '!L5 -> 387906.96 | ... R6: ='KQKD- Bảng 4 '!S5 -> 461099.48
B7: - DAR | D7: ='VLD- Bảng 6'!D9 -> -715.14893 | E7: ='VLD- Bảng 6'!E9 -> -2292.3629 | F7: ='VLD- Bảng 6'!F9 -> -421.02046 | G7: ='VLD- Bảng 6'!G9 -> -85.713307 | H7: ='VLD- Bảng 6'!H9 -> -87.85614 | I7: ='VLD- Bảng 6'!I9 -> -90.052543 | J7: ='VLD- Bảng 6'!J9 -> -92.303857 | K7: ='VLD- Bảng 6'!K9 -> -94.611453 | ... R7: ='VLD- Bảng 6'!R9 -> -112.46329
B8: - Thanh lý tài sản | E8: 0 | F8: 0 | G8: 0 | H8: 0 | I8: 0 | J8: 0 | K8: 0 | L8: 0 | M8: 0 | N8: 0 | O8: 0 | P8: 0 | Q8: 0 | R8: ='Khấu hao- Bảng 3'!T7 -> 39885.198
B9: - Hoàn thuế VAT
B10: Tổng ngân lưu vào | C10: 0 | D10: =SUM(D6:D9) -> 70799.744 | E10: =SUM(E6:E9) -> 298458.82 | F10: =SUM(F6:F9) -> 342432.21 | G10: =SUM(G6:G9) -> 351338.85 | H10: =SUM(H6:H9) -> 360122.32 | I10: =SUM(I6:I9) -> 369125.38 | J10: =SUM(J6:J9) -> 378353.51 | K10: =SUM(K6:K9) -> 387812.35 | ... R10: =SUM(R6:R9) -> 500872.21
A11: 2 | B11: Dòng tiền ra
B12: - Chi phí đầu tư | C12: ='Lãi vay thi công'!D11+'Lãi vay thi công'!E11 -> 153650 | D12: 17859 | F12: 0 | G12: 0 | H12: 0 | I12: 0 | J12: 0 | K12: 0 | L12: 0 | M12: 0 | N12: 0 | O12: 0 | P12: 0 | Q12: 0 | R12: 0
B13: - Tái đầu tư MMTB | N13: ='Khấu hao- Bảng 3'!C7 -> 79770.397
B14: - Chi phí hoạt động | D14: ='KQKD- Bảng 4 '!E26-'KQKD- Bảng 4 '!E42 -> 78796.606 | E14: ='KQKD- Bảng 4 '!F26-'KQKD- Bảng 4 '!F42 -> 269193.98 | F14: ='KQKD- Bảng 4 '!G26-'KQKD- Bảng 4 '!G42 -> 303464.69 | G14: ='KQKD- Bảng 4 '!H26-'KQKD- Bảng 4 '!H42 -> 311052.35 | H14: ='KQKD- Bảng 4 '!I26-'KQKD- Bảng 4 '!I42 -> 318572.22 | I14: ='KQKD- Bảng 4 '!J26-'KQKD- Bảng 4 '!J42 -> 327091.19 | J14: ='KQKD- Bảng 4 '!K26-'KQKD- Bảng 4 '!K42 -> 335267.79 | K14: ='KQKD- Bảng 4 '!L26-'KQKD- Bảng 4 '!L42 -> 343648.57 | ... R14: ='KQKD- Bảng 4 '!S26-'KQKD- Bảng 4 '!S42 -> 408490.96
B15: - DAP | D15: ='VLD- Bảng 6'!D11 -> -164.27451 | E15: ='VLD- Bảng 6'!E11 -> -409.13027 | F15: ='VLD- Bảng 6'!F11 -> -79.983778 | G15: ='VLD- Bảng 6'!G11 -> -16.336964 | H15: ='VLD- Bảng 6'!H11 -> -17.309726 | I15: ='VLD- Bảng 6'!I11 -> -19.51189 | J15: ='VLD- Bảng 6'!J11 -> -17.661429 | K15: ='VLD- Bảng 6'!K11 -> -18.107964 | ... R15: ='VLD- Bảng 6'!R11 -> -21.525055
B16: - DCB | D16: ='VLD- Bảng 6'!D13 -> 715.14893 | E16: ='VLD- Bảng 6'!E13 -> 2292.3629 | F16: ='VLD- Bảng 6'!F13 -> 421.02046 | G16: ='VLD- Bảng 6'!G13 -> 85.713307 | H16: ='VLD- Bảng 6'!H13 -> 87.85614 | I16: ='VLD- Bảng 6'!I13 -> 90.052543 | J16: ='VLD- Bảng 6'!J13 -> 92.303857 | K16: ='VLD- Bảng 6'!K13 -> 94.611453 | ... R16: ='VLD- Bảng 6'!R13 -> 112.46329
B17: - Thuế TNDN | D17: ='KQKD- Bảng 4 '!E53 -> 0 | E17: ='KQKD- Bảng 4 '!F53 -> 1092.8564 | F17: ='KQKD- Bảng 4 '!G53 -> 2746.1155 | G17: ='KQKD- Bảng 4 '!H53 -> 3293.9342 | H17: ='KQKD- Bảng 4 '!I53 -> 3928.8441 | I17: ='KQKD- Bảng 4 '!J53 -> 4443.416 | J17: ='KQKD- Bảng 4 '!K53 -> 5100.3057 | K17: ='KQKD- Bảng 4 '!L53 -> 5799.2973 | ... R17: ='KQKD- Bảng 4 '!S53 -> 7531.6104
B18: Tổng ngân lưu ra | C18: =SUM(C12:C17) -> 153650 | D18: =SUM(D12:D17) -> 97206.48 | E18: =SUM(E12:E17) -> 272170.07 | F18: =SUM(F12:F17) -> 306551.85 | G18: =SUM(G12:G17) -> 314415.66 | H18: =SUM(H12:H17) -> 322571.61 | I18: =SUM(I12:I17) -> 331605.15 | J18: =SUM(J12:J17) -> 340442.74 | ... R18: =SUM(R12:R17) -> 416113.51
A19: 3 | B19: Ngân lưu ròng | C19: =C10-C18 -> -153650 | D19: =D10-D18 -> -26406.736 | E19: =E10-E18 -> 26288.749 | F19: =F10-F18 -> 35880.362 | G19: =G10-G18 -> 36923.188 | H19: =H10-H18 -> 37550.709 | I19: =I10-I18 -> 37520.225 | J19: =J10-J18 -> 37910.77 | ... R19: =R10-R18 -> 84758.7
B20: NPVTIP -15 năm | C20: =NPV('Thong so - Độ nhậy - Bảng 1'!N18,'NPV (Tong dau tu) -Bảng 7'!D19:R19) +C19 -> 68315.151
B21: IRRTIP- 15 năm | C21: =IRR(C19:R19) -> 0.14357365
B22: Dòng tiền chiết khẩu | C22: =C19/(1+'Thong so - Độ nhậy - Bảng 1'!$N$18)^C25 -> -153650 | D22: =D19/(1+'Thong so - Độ nhậy - Bảng 1'!$N$18)^D25 -> -22185.696 | E22: =E19/(1+'Thong so - Độ nhậy - Bảng 1'!$N$18)^E25 -> 20244.517 | F22: =F19/(1+'Thong so - Độ nhậy - Bảng 1'!$N$18)^F25 -> 25326.402 | G22: =G19/(1+'Thong so - Độ nhậy - Bảng 1'!$N$18)^G25 -> 23888.839 | H22: =H19/(1+'Thong so - Độ nhậy - Bảng 1'!$N$18)^H25 -> 22268.612 | I22: =I19/(1+'Thong so - Độ nhậy - Bảng 1'!$N$18)^I25 -> 20394.808 | J22: =J19/(1+'Thong so - Độ nhậy - Bảng 1'!$N$18)^J25 -> 18888.434 | ... R22: =R19/(1+'Thong so - Độ nhậy - Bảng 1'!$N$18)^R25 -> 21040.255
B23: Dòng tiền chiết khấu lũy kế | C23: =C22 -> -153650 | D23: =D22+C23 -> -175835.7 | E23: =E22+D23 -> -155591.18 | F23: =F22+E23 -> -130264.78 | G23: =G22+F23 -> -106375.94 | H23: =H22+G23 -> -84107.326 | I23: =I22+H23 -> -63712.518 | J23: =J22+I23 -> -44824.084 | K23: =K22+J23 -> -27338.709 | ... R23: =R22+Q23 -> 49802.937
B24: Thời gian hoàn vốn
C25: 0 | D25: 2 | E25: 3 | F25: 4 | G25: 5 | H25: 6 | I25: 7 | J25: 8 | K25: 9 | L25: 10 | M25: 11 | N25: 12 | O25: 13 | P25: 14 | Q25: 15 | R25: 16
E26: =#REF! -> #REF! | F26: =#REF! -> #REF! | G26: =#REF! -> #REF! | H26: =#REF! -> #REF! | I26: =#REF! -> #REF! | J26: =#REF! -> #REF! | K26: =#REF! -> #REF! | L26: =#REF! -> #REF! | M26: =#REF! -> #REF!
E27: =D19+E19-E26 -> #REF! | F27: =E27+F19-F26 -> #REF! | G27: =F27+G19-G26 -> #REF! | H27: =G27+H19-H26 -> #REF! | I27: =H27+I19-I26 -> #REF! | J27: =I27+J19-J26 -> #REF! | K27: =J27+K19-K26 -> #REF! | L27: =0.345*12 -> 4.14 | M27: =L27+M19 -> 40012.507 | N27: =M27+N19 -> 1176.6349

Sheet NPV - CĐT
B1: BẢNG 7: DÒNG TIỀN THEO QUAN ĐIỂM CHỦ ĐẦU TƯ (EPV)
B3: STT | C3: KHOẢN MỤC | D3: NĂM ĐẦU TƯ | F3: NĂM HOẠT ĐỘNG
D4: 0 | E4: 1 | F4: 1 | G4: 2 | H4: 3 | I4: 4 | J4: 5 | K4: 6 | L4: 7 | M4: 8 | N4: 9 | O4: 10
B5: 1 | C5: Dòng tiền vào
C6: - Doanh thu | F6: ='NPV (Tong dau tu) -Bảng 7'!E6 -> 300751.18 | G6: ='NPV (Tong dau tu) -Bảng 7'!F6 -> 342853.23 | H6: ='NPV (Tong dau tu) -Bảng 7'!G6 -> 351424.56 | I6: ='NPV (Tong dau tu) -Bảng 7'!H6 -> 360210.17 | J6: ='NPV (Tong dau tu) -Bảng 7'!I6 -> 369215.43 | K6: ='NPV (Tong dau tu) -Bảng 7'!J6 -> 378445.81 | L6: ='NPV (Tong dau tu) -Bảng 7'!K6 -> 387906.96 | M6: ='NPV (Tong dau tu) -Bảng 7'!L6 -> 397604.63 | ... O6: ='NPV (Tong dau tu) -Bảng 7'!N6 -> 417733.37
C7: - DAR | F7: ='NPV (Tong dau tu) -Bảng 7'!E7 -> -2292.3629 | G7: ='NPV (Tong dau tu) -Bảng 7'!F7 -> -421.02046 | H7: ='NPV (Tong dau tu) -Bảng 7'!G7 -> -85.713307 | I7: ='NPV (Tong dau tu) -Bảng 7'!H7 -> -87.85614 | J7: ='NPV (Tong dau tu) -Bảng 7'!I7 -> -90.052543 | K7: ='NPV (Tong dau tu) -Bảng 7'!J7 -> -92.303857 | L7: ='NPV (Tong dau tu) -Bảng 7'!K7 -> -94.611453 | M7: ='NPV (Tong dau tu) -Bảng 7'!L7 -> -96.97674 | ... O7: ='NPV (Tong dau tu) -Bảng 7'!N7 -> -101.88619
C8: - Thanh lý tài sản | F8: 0 | G8: 0 | H8: 0 | I8: 0 | J8: 0 | K8: 0 | L8: 0 | M8: 0 | N8: 0 | O8: 0
C9: - Vay NHTM trong nước | E9: 114000
C10: - Hoàn thuế VAT | F10: ='NPV (Tong dau tu) -Bảng 7'!E9 -> 0 | G10: ='NPV (Tong dau tu) -Bảng 7'!F9 -> 0 | H10: ='NPV (Tong dau tu) -Bảng 7'!G9 -> 0 | I10: ='NPV (Tong dau tu) -Bảng 7'!H9 -> 0 | J10: ='NPV (Tong dau tu) -Bảng 7'!I9 -> 0 | K10: ='NPV (Tong dau tu) -Bảng 7'!J9 -> 0 | L10: ='NPV (Tong dau tu) -Bảng 7'!K9 -> 0
C11: Tổng ngân lưu vào | D11: =SUM(D6:D10) -> 0 | E11: =SUM(E6:E10) -> 114000 | F11: =SUM(F6:F10) -> 298458.82 | G11: =SUM(G6:G10) -> 342432.21 | H11: =SUM(H6:H10) -> 351338.85 | I11: =SUM(I6:I10) -> 360122.32 | J11: =SUM(J6:J10) -> 369125.38 | K11: =SUM(K6:K10) -> 378353.51 | ... O11: =SUM(O6:O10) -> 417631.48
B12: 2 | C12: Dòng tiền ra
C13: - Chi phí đầu tư | D13: ='NPV (Tong dau tu) -Bảng 7'!#REF! -> #REF! | E13: ='NPV (Tong dau tu) -Bảng 7'!D12 -> 17859
C14: - Chi phí hoạt động | F14: ='NPV (Tong dau tu) -Bảng 7'!E14 -> 269193.98 | G14: ='NPV (Tong dau tu) -Bảng 7'!F14 -> 303464.69 | H14: ='NPV (Tong dau tu) -Bảng 7'!G14 -> 311052.35 | I14: ='NPV (Tong dau tu) -Bảng 7'!H14 -> 318572.22 | J14: ='NPV (Tong dau tu) -Bảng 7'!I14 -> 327091.19 | K14: ='NPV (Tong dau tu) -Bảng 7'!J14 -> 335267.79 | L14: ='NPV (Tong dau tu) -Bảng 7'!K14 -> 343648.57 | M14: ='NPV (Tong dau tu) -Bảng 7'!L14 -> 352241.16 | ... O14: ='NPV (Tong dau tu) -Bảng 7'!N14 -> 370072.48
C15: - DAP | F15: ='NPV (Tong dau tu) -Bảng 7'!E15 -> -409.13027 | G15: ='NPV (Tong dau tu) -Bảng 7'!F15 -> -79.983778 | H15: ='NPV (Tong dau tu) -Bảng 7'!G15 -> -16.336964 | I15: ='NPV (Tong dau tu) -Bảng 7'!H15 -> -17.309726 | J15: ='NPV (Tong dau tu) -Bảng 7'!I15 -> -19.51189 | K15: ='NPV (Tong dau tu) -Bảng 7'!J15 -> -17.661429 | L15: ='NPV (Tong dau tu) -Bảng 7'!K15 -> -18.107964 | M15: ='NPV (Tong dau tu) -Bảng 7'!L15 -> -18.555413 | ... O15: ='NPV (Tong dau tu) -Bảng 7'!N15 -> -19.49415
C16: - DCB | F16: ='NPV (Tong dau tu) -Bảng 7'!E16 -> 2292.3629 | G16: ='NPV (Tong dau tu) -Bảng 7'!F16 -> 421.02046 | H16: ='NPV (Tong dau tu) -Bảng 7'!G16 -> 85.713307 | I16: ='NPV (Tong dau tu) -Bảng 7'!H16 -> 87.85614 | J16: ='NPV (Tong dau tu) -Bảng 7'!I16 -> 90.052543 | K16: ='NPV (Tong dau tu) -Bảng 7'!J16 -> 92.303857 | L16: ='NPV (Tong dau tu) -Bảng 7'!K16 -> 94.611453 | M16: ='NPV (Tong dau tu) -Bảng 7'!L16 -> 96.97674 | ... O16: ='NPV (Tong dau tu) -Bảng 7'!N16 -> 101.88619
C17: - Thuế TNDN | F17: ='NPV (Tong dau tu) -Bảng 7'!E17 -> 1092.8564 | G17: ='NPV (Tong dau tu) -Bảng 7'!F17 -> 2746.1155 | H17: ='NPV (Tong dau tu) -Bảng 7'!G17 -> 3293.9342 | I17: ='NPV (Tong dau tu) -Bảng 7'!H17 -> 3928.8441 | J17: ='NPV (Tong dau tu) -Bảng 7'!I17 -> 4443.416 | K17: ='NPV (Tong dau tu) -Bảng 7'!J17 -> 5100.3057 | L17: ='NPV (Tong dau tu) -Bảng 7'!K17 -> 5799.2973 | M17: ='NPV (Tong dau tu) -Bảng 7'!L17 -> 6082.6029 | ... O17: ='NPV (Tong dau tu) -Bảng 7'!N17 -> 6542.0854
C18: - Trả nợ NHTM trong nước | F18: ='KH trả nợ-Bảng 5'!C15 -> 0 | G18: ='KH trả nợ-Bảng 5'!D15 -> 12925.041 | H18: ='KH trả nợ-Bảng 5'!E15 -> 17554.166 | I18: ='KH trả nợ-Bảng 5'!F15 -> 19088.059 | J18: ='KH trả nợ-Bảng 5'!G15 -> 20865.806 | K18: ='KH trả nợ-Bảng 5'!H15 -> 22306.608 | L18: ='KH trả nợ-Bảng 5'!I15 -> 24145.899 | M18: ='KH trả nợ-Bảng 5'!J15 -> 3114 | N18: ='KH trả nợ-Bảng 5'!K15 -> 0 | O18: ='KH trả nợ-Bảng 5'!L14 -> 0
C19: Tổng ngân lưu ra | D19: =SUM(D13:D18) -> #REF! | E19: =SUM(E13:E18) -> 17859 | F19: =SUM(F13:F18) -> 272170.07 | G19: =SUM(G13:G18) -> 319476.89 | H19: =SUM(H13:H18) -> 331969.82 | I19: =SUM(I13:I18) -> 341659.67 | J19: =SUM(J13:J18) -> 352470.96 | K19: =SUM(K13:K18) -> 362749.35 | ... O19: =SUM(O13:O18) -> 376696.96
B20: 3 | C20: Ngân lưu ròng | D20: =D11-D19 -> #REF! | E20: =E11-E19 -> 96141 | F20: =F11-F19 -> 26288.749 | G20: =G11-G19 -> 22955.321 | H20: =H11-H19 -> 19369.021 | I20: =I11-I19 -> 18462.65 | J20: =J11-J19 -> 16654.419 | K20: =K11-K19 -> 15604.162 | ... O20: =O11-O19 -> 40934.525
C21: NPVEPV | E21: =NPV('Thong so - Độ nhậy - Bảng 1'!N14,E20:O20)+D20 -> #REF!
C22: IRREPV | E22: =IRR(D20:O20) -> #VALUE!

Sheet CP SXC -Bảng 9
A1: BẢNG 9: CHI PHÍ SX CHUNG
A2: (Tính cho 1 năm hoạt động)
A4: TT | B4: Khoản mục chi phí | C4: ĐVT | D4: Định mức | E4: Số lượng | F4: Đơn giá (1000đ) | G4: Thành tiền (1000.đồng) | J4: 384 | K4: =J4*30% -> 115.2
A5: 1 | B5: Chi phí lương quản lý phân xưởng | G5: ='[1]Quy luong'!H18 -> 5768378.2 | K5: =K4*360 -> 41472
A6: 2 | B6: Quần áo bảo hộ lao động | C6: bộ/người | D6: 2 | E6: 550 | F6: 500 | G6: =D6*E6*F6 -> 550000 | K6: =K5/6400 -> 6.48
A7: 3 | B7: Giày, mũ, găng tay | C7: bộ/người | D7: 4 | E7: =E6 -> 550 | F7: 22 | G7: =D7*E7*F7 -> 48400
A8: 4 | B8: Công cụ, dụng cụ khác (kể cả dụng cụ thí nghiệm) | C8: 1.000đ /tháng | D8: 1 | E8: 12 | F8: 50000 | G8: =D8*E8*F8 -> 600000
A9: 5 | B9: Chi phí dầu mỡ bôi trơn, dầu DO chạy máy phát, dầu Do phục vụ xe máy, dầu thuỷ lực, hoá chất thí nghiệm, vật tư phụ,... | C9: 1.000đ /tháng | D9: 1 | E9: 12 | F9: 1200000 | G9: =D9*E9*F9 -> 14400000
A10: 6 | B10: Chi phí nước sản xuất | C10: 1000đ/m3 | D10: 600 | E10: 12 | F10: 10 | G10: =D10*E10*F10 -> 72000
A11: 7 | B11: Chi phí bảo dưỡng, sửa chữa thường xuyên và phụ tùng thay thế | C11: 1.000đ /tháng | D11: 1 | E11: 12 | F11: 3000000 | G11: =D11*E11*F11 -> 36000000
A12: 8 | B12: Chi phí bảo dưỡng khu công nghiệp | C12: USD/m2 | D12: 1 | E12: 160000 | F12: 0.5 | G12: =D12*E12*F12 -> 80000 | I12: =J12*65% -> 41756 | J12: 64240 | K12: 10000000 | L12: =I12*K12 -> 417560000000
A13: 9 | B13: Chi phí sử lý nước thải | C13: USD/m2 | D13: 10000 | E13: 12 | F13: 0.32 | G13: =D13*E13*F13 -> 38400 | K13: 6000000 | L13: =I12*K13 -> 250536000000
A14: 10 | B14: Chi phí trích lập dự phòng sửa chữa lớn | C14: 1.000đ | E14: 12 | G14: =('[1]khau hao'!E13+'[1]khau hao'!E18+'[1]khau hao'!G18+'[1]khau hao'!E25)*1% -> 28615446 | L14: =L12-L13 -> 167024000000
A15: 11 | B15: Chi phí bằng tiền khác
B16: Tổng cộng | G16: =SUM(G5:G15) -> 86172624

Sheet Bảng 10 -CP Quản lý
A1: BẢNG 10: CHI PHÍ QUẢN LÝ
A2: (Tính cho 1 năm hoạt động)
C3: Đơn vị tính: 1000 đồng
A4: TT | B4: Khoản mục chi phí | C4: Diễn giải | D4: Thành tiền
A5: 1 | B5: Chi phí nhân viên quản lý + phục vụ | D5: ='[1]Quy luong'!H17+'[1]Quy luong'!H18+'[1]Quy luong'!H19 -> 28841891
A6: 2 | B6: Tiền điện, nước, điện thoại, fax | C6: 50.000.000 đ/tháng x 12 tháng | D6: =50000000*12/1000 -> 600000
A7: 3 | B7: Văn phòng phẩm + báo, tạp chí | C7: 10.000.000 đ/tháng x 12 tháng | D7: =10000000*12/1000 -> 120000
A8: 4 | B8: Công tác phí | C8: 50.000.000 đ/tháng x 12 tháng | D8: =50000000*12/1000 -> 600000
A9: 5 | B9: Hoá đơn, chứng từ, in ấn... | C9: 7.000.000 đ/tháng x 12 tháng | D9: =7000000*12/1000 -> 84000
A10: 6 | B10: Chi phí hội họp, hội nghị | D10: 2000000
A11: 9 | B11: Trang bị, sửa chữa dụng cụ văn phòng | C11: 20.000.000 đ/tháng x 12 tháng | D11: =20000000*12/1000 -> 240000
A12: 10 | B12: Bảo hiểm máy móc thiết bị | C12: 0,25%Tbi + 0,5%Cháy nổ | D12: =('[1]khau hao'!E18+'[1]khau hao'!G18)*0.25% -> 4244223.3
A13: 11 | B13: Nâng cao tay nghề, huấn luyện an toàn lao động | D13: 2000000
A14: 12 | B14: Chi sáng kiến cải tiến kỹ thuật | D14: 1500000
A15: 13 | B15: Chi phí nghiên cứu chạy thử | D15: 500000
A16: 14 | B16: Chi khác bằng tiền | D16: 2000000
B17: Tổng cộng | D17: =SUM(D5:D16) -> 42730114

Sheet Bảng 11-CP Bán hàng
A1: BẢNG 11: CHI PHÍ BÁN HÀNG
E2: Đơn vị tính: 1000 đồng
A3: Số TT | B3: Hạng mục | D3: Diễn giải | E3: Cộng | F3: Ghi chú
A4: 1 | B4: Chi phí vận tải tiêu thụ nội địa | E4: =SUM(E5:E7) -> 91800000
A5: 1.1 | B5: Vận tải vào TPHCM và các vùng lân cận (10%) | D5: 1000.000 đ/tấn | E5: =1000*'[1]gia ban'!G25*0.1 -> 36720000
A6: 1.2 | B6: Vận tải vào Miền Trung (10%) | D6: 600.000 đ/tấn | E6: =600*'[1]gia ban'!G25*0.1 -> 22032000
A7: 1.3 | B7: Vận tải miền Bắc đến Hà Nội và vùng lân cận (60%) | D7: 150.000 đ/tấn | E7: =150*'[1]gia ban'!G25*0.6 -> 33048000
A8: 2 | B8: Chi phí vận tải, xếp dỡ hàng tiêu thụ xuất khẩu (20%) | D8: 600.000 đ/tấn | E8: =600*'[1]gia ban'!G25*0.2 -> 44064000
A9: 3 | B9: Lương nhân viên bán hàng | D9: 0,5% doanh thu bán hàng | E9: =0.5/100*'[1]Quy luong'!$F$5 -> 14938637
A10: 4 | B10: Quảng cáo | D10: 1% doanh thu bán hàng | E10: =1/100*'[1]Quy luong'!$F$5 -> 29877274
A11: 5 | B11: Khuyến mại | D11: 2% doanh thu bán hàng | E11: =2/100*'[1]Quy luong'!$F$5 -> 59754549
A12: 6 | B12: Chi phí đi lại, công tác phí và nghiên cứu thị trường | E12: 500000
A13: 7 | B13: Chi phí điện thoại, fax và khác | E13: 300000
A14: 8 | B14: Chi phí tiếp khách, hội nghị KH, hội trợ triển lãm ... | E14: 2000000
B15: Tổng chi phí | E15: =SUM(E5:E14) -> 2.4323446e+08
A19: STT | B19: Địa điểm vận chuyển | C19: Tỷ lệ tiêu thụ | D19: Giá cước vận chuyển hàng hóa
A20: 1 | B20: TPHCM và vùng lân cận | C20: 0.1 | D20: 1.000.0000 đ/tấn
A21: 2 | B21: Miền Trung | C21: 0.1 | D21: 600.000 đ/tấn
A22: 3 | B22: Miền bắc, Hà Nội và lân cận | C22: 0.6 | D22: 150.000đ/tấn
A23: 4 | B23: Xuất khẩu | C23: 0.2

Sheet Bảng 12-Quỹ lương
A1: BẢNG 12: SẢN LƯỢNG SẢN XUẤT VÀ CHI PHÍ TIỀN LƯƠNG CHO NĂM HOẠT ĐỘNG ỔN ĐỊNH
A2: TT | B2: Nội dung | C2: ĐVT | D2: Số lượng | E2: Giá bán (1000 đ) | F2: Doanh thu (1000 đ) | G2: Đơn giá tiền lương (1000 đ) | H2: Quỹ lương (1000 đ)
A3: I | B3: Tổng quỹ tiền lương SX
B4: Sản lượng sản xuất QTC | C4: Tấn | D4: ='[1]gia ban'!G25 -> 367200 | E4: ='[1]Doanh thu'!$B$10 -> 8136.5126 | F4: =E4*D4 -> 2.9877274e+09 | G4: 400 | H4: =D4*G4 -> 146880000 | I4: =H4+'Bảng 10 -CP Quản lý'!D17 -> 1.8961011e+08
A5: II | B5: Tiền lương bán hàng
B6: 0,5% doanh thu bán hàng | H6: =F4*0.5% -> 14938637
A7: III | B7: Tiền lương lễ + phép | H7: =H4*0.08 -> 11750400
B8: ( Theo mức lương 850.000đ )
B9: (550 người x 1,8 x 22 ngày x 850.000 )/24 ngày | H9: =696*1.8*22*850/24 -> 976140
B10: Tổng cộng quĩ tiền lương
B11: ( I + II + III ) | H11: =H7+H6+H4 -> 1.7356904e+08
B12: Trong đó tiền lương các bộ phận
A13: 1 | B13: Quản lý doanh nghiệp | H13: =(H$11-H$6)*I13/550 -> 0
A14: 2 | B14: Quản lý phân xưởng | H14: =(H$11-H$6)*I14/550 -> 0
A15: 3 | B15: Bảo vệ + Phục vụ + Lái xe con | H15: =(H$11-H$6)*I15/550 -> 0
A16: 4 | B16: Bán hàng | H16: =H6 -> 14938637
A17: 5 | B17: Công nhân sản xuất | H17: =(H$11-H$6)*I17/550 -> 0
B18: Cộng : | H18: =SUM(H13:H17) -> 14938637

Sheet Bảng 13 - CP Kính trắng
A1: BẢNG 13: CHI PHÍ SẢN XUẤT CHO 1 TẤN KÍNH TRẮNG
A2: (Không kể lãi vay ngân hàng và khấu hao TSCĐ)
A3: STT | B3: Khoản mục chi phí | C3: Đơn vị | D3: Đơn giá (1000đ) | E3: Định mức tiêu hao | F3: Giá thành (1000đ) | G3: Tổng chi phí (1000đ)
A4: A | B4: Chi phí trực tiếp | F4: =F5+F12+F16+F19+F20+F21+F22 -> 3536.0218 | G4: =F4*'[1]gia ban'!$G$25*0.7/85*100 -> 1.069293e+09
A5: 1 | B5: Nguyên liệu trong nước | F5: =SUM(F6:F11) -> 538.24467 | G5: =F5*'[1]gia ban'!$G$25*0.7/85*100 -> 1.6276519e+08
A6: 1.1 | B6: Cát trắng | C6: Tấn | D6: 420 | E6: 0.573 | F6: =E6*D6 -> 240.66 | G6: =F6*'[1]gia ban'!$G$25*0.7/85*100 -> 72775584
A7: 1.2 | B7: Fenspat | C7: Tấn | D7: 608 | E7: 0.036 | F7: =E7*D7 -> 21.888 | G7: =F7*'[1]gia ban'!$G$25*0.7/85*100 -> 6618931.2
A8: 1.3 | B8: Đô lô mít | C8: Tấn | D8: 360 | E8: 0.145 | F8: =E8*D8 -> 52.2 | G8: =F8*'[1]gia ban'!$G$25*0.7/85*100 -> 15785280
A9: 1.4 | B9: Đá vôi | C9: Tấn | D9: 340 | E9: 0.042 | F9: =E9*D9 -> 14.28 | G9: =F9*'[1]gia ban'!$G$25*0.7/85*100 -> 4318272
A10: 1.5 | B10: Than | C10: Tấn | D10: 4000 | E10: 0.0007 | F10: =E10*D10 -> 2.8 | G10: =F10*'[1]gia ban'!$G$25*0.7/85*100 -> 846720
A11: 1.6 | B11: Kính vụn | C11: Tấn | D11: 2500 | E11: =0.2477/3 -> 0.082566667 | F11: =E11*D11 -> 206.41667 | G11: =F11*'[1]gia ban'!$G$25*0.7/85*100 -> 62420400
A12: 2 | B12: Nguyên liệu nhập ngoại | F12: =F13+F14 -> 1031.2 | G12: =F12*'[1]gia ban'!$G$25*0.7/85*100 -> 311834880
A13: 2.1 | B13: Sô đa | C13: Tấn | D13: 5200 | E13: 0.194 | F13: =E13*D13 -> 1008.8 | G13: =F13*'[1]gia ban'!$G$25*0.7/85*100 -> 305061120
A14: 2.2 | B14: Sun phát Natri | C14: Tấn | D14: 2800 | E14: 0.008 | F14: =E14*D14 -> 22.4 | G14: =F14*'[1]gia ban'!$G$25*0.7/85*100 -> 6773760
A15: 2.3 | B15: Hoá chất tạo màu | G15: =F15*'[1]gia ban'!$G$25*0.7/85*100 -> 0
A16: 3 | B16: Nhiên liệu | F16: =F17+F18 -> 1650 | G16: =F16*'[1]gia ban'!$G$25*0.7/85*100 -> 498960000
A17: 3.1 | B17: Khí thiên nhiên | C17: M3 | D17: 7310 | E17: 0 | F17: =E17*D17 -> 0 | G17: =F17*'[1]gia ban'!$G$25*0.7/85*100 -> 0
A18: 3.2 | B18: Dầu | C18: Tấn | D18: 11000 | E18: 0.15 | F18: =E18*D18 -> 1650 | G18: =F18*'[1]gia ban'!$G$25*0.7/85*100 -> 498960000
A19: 4 | B19: Điện sản xuất | C19: Kwh | D19: 1.65 | E19: 130 | F19: =E19*D19 -> 214.5 | G19: =F19*'[1]gia ban'!$G$25*0.7/85*100 -> 64864800
A20: 5 | B20: Chi phí SX Nitơ và Hiđro | F20: =7500/140 -> 53.571429 | G20: =F20*'[1]gia ban'!$G$25*0.7/85*100 -> 16200000
A21: 6 | B21: Thiếc | C21: Kg | D21: =1.8*223.5 -> 402.3 | E21: 0.0025 | F21: =E21*D21 -> 1.00575 | G21: =F21*'[1]gia ban'!$G$25*0.7/85*100 -> 304138.8
A22: 7 | B22: Bao bì | C22: 1000 đồng | D22: 95 | E22: 0.5 | F22: =D22*E22 -> 47.5 | G22: =F22*'[1]gia ban'!$G$25*0.7 -> 12209400
A23: B | B23: Chi phí nhân công trực tiếp | F23: ='[1]Quy luong'!H21/'[1]gia ban'!G25 -> 329.89091 | G23: =F23*'[1]gia ban'!$G$25*0.7/85*100 -> 99759011
A24: C | B24: Chi phí sản xuất chung | F24: ='[1]CP SXC'!G16/'[1]gia ban'!G25 -> 234.6749 | G24: =F24*'[1]gia ban'!$G$25*0.7/85*100 -> 70965690
B25: Giá thành công xưởng | F25: =F24+F23+F4 -> 4100.5877 | G25: =F25*'[1]gia ban'!$G$25*0.7/85*100 -> 1.2400177e+09
A26: D | B26: Chi phí quản lý doanh nghiệp | F26: ='[1]CP QL'!D17/'[1]gia ban'!G25 -> 116.36741 | G26: =F26*'[1]gia ban'!$G$25*0.7/85*100 -> 35189506
A27: E | B27: Chi phí bán hàng | F27: ='[1]CP ban hang'!D15/'[1]gia ban'!G25 -> 662.40321 | G27: =F27*'[1]gia ban'!$G$25*0.7 -> 1.7026412e+08
G28: =F28*'[1]gia ban'!$G$25*0.7/85*100 -> 0
B29: Tổng cộng | F29: =SUM(F25:F27) -> 4879.3583 | G29: =SUM(G25:G27) -> 1.4454713e+09

Sheet Bảng 14 -CP Kính màu
A1: BẢNG 14: CHI PHÍ SẢN XUẤT CHO 1 TẤN KÍNH MÀU
A2: (Không kể lãi vay ngân hàng và khấu hao TSCĐ)
A4: STT | B4: Khoản mục chi phí | C4: Đơn vị | D4: Đơn giá (1000đ) | E4: Định mức tiêu hao | F4: Giá thành (1000đ) | G4: Tổng chi phí (1000đ)
A5: A | B5: Chi phí trực tiếp | F5: =F6+F13+F17+F20+F21+F22+F23 -> 3729.3618 | G5: =F5*'[1]gia ban'!$G$25*0.3/85*100 -> 4.833253e+08
A6: 1 | B6: Nguyên liệu trong nước | F6: =SUM(F7:F12) -> 538.24467 | G6: =F6*'[1]gia ban'!$G$25*0.3/85*100 -> 69756509
A7: 1.1 | B7: Cát trắng | C7: Tấn | D7: ='[2]Z kinh trang'!D7 -> 420 | E7: ='[2]Z kinh trang'!E7 -> 0.573 | F7: =E7*D7 -> 240.66 | G7: =F7*'[1]gia ban'!$G$25*0.3/85*100 -> 31189536
A8: 1.2 | B8: Fenspat | C8: Tấn | D8: ='[2]Z kinh trang'!D8 -> 608 | E8: ='[2]Z kinh trang'!E8 -> 0.036 | F8: =E8*D8 -> 21.888 | G8: =F8*'[1]gia ban'!$G$25*0.3/85*100 -> 2836684.8
A9: 1.3 | B9: Đô lô mít | C9: Tấn | D9: ='[2]Z kinh trang'!D9 -> 360 | E9: ='[2]Z kinh trang'!E9 -> 0.145 | F9: =E9*D9 -> 52.2 | G9: =F9*'[1]gia ban'!$G$25*0.3/85*100 -> 6765120
A10: 1.4 | B10: Đá vôi | C10: Tấn | D10: ='[2]Z kinh trang'!D10 -> 340 | E10: ='[2]Z kinh trang'!E10 -> 0.042 | F10: =E10*D10 -> 14.28 | G10: =F10*'[1]gia ban'!$G$25*0.3/85*100 -> 1850688
A11: 1.5 | B11: Than | C11: Tấn | D11: ='[2]Z kinh trang'!D11 -> 4000 | E11: ='[2]Z kinh trang'!E11 -> 0.0007 | F11: =E11*D11 -> 2.8 | G11: =F11*'[1]gia ban'!$G$25*0.3/85*100 -> 362880
A12: 1.6 | B12: Kính vụn | C12: Tấn | D12: ='[2]Z kinh trang'!D12 -> 2500 | E12: ='[2]Z kinh trang'!E12 -> 0.082566667 | F12: =E12*D12 -> 206.41667 | G12: =F12*'[1]gia ban'!$G$25*0.3/85*100 -> 26751600
A13: 2 | B13: Nguyên liệu nhập ngoại | F13: =F14+F15+F16 -> 1114.54 | G13: =F13*'[1]gia ban'!$G$25*0.3/85*100 -> 144444384
A14: 2.1 | B14: Sô đa | C14: Tấn | D14: ='[2]Z kinh trang'!D14 -> 5200 | E14: ='[2]Z kinh trang'!E14 -> 0.194 | F14: =E14*D14 -> 1008.8 | G14: =F14*'[1]gia ban'!$G$25*0.3/85*100 -> 130740480
A15: 2.2 | B15: Sun phát Natri | C15: Tấn | D15: ='[2]Z kinh trang'!D15 -> 2800 | E15: ='[2]Z kinh trang'!E15 -> 0.008 | F15: =E15*D15 -> 22.4 | G15: =F15*'[1]gia ban'!$G$25*0.3/85*100 -> 2903040
A16: 2.3 | B16: Hoá chất tạo màu | C16: Kg | D16: 3000 | E16: 0.02778 | F16: =E16*D16 -> 83.34 | G16: =F16*'[1]gia ban'!$G$25*0.3/85*100 -> 10800864
A17: 3 | B17: Nhiên liệu | F17: =F18+F19 -> 1760 | G17: =F17*'[1]gia ban'!$G$25*0.3/85*100 -> 228096000
A18: 3.1 | B18: Khí thiên nhiên | C18: Tấn | D18: 7310 | E18: ='[2]Z kinh trang'!E18 -> 0 | F18: =E18*D18 -> 0 | G18: =F18*'[1]gia ban'!$G$25*0.3/85*100 -> 0
A19: 3.2 | B19: Dầu | C19: Tấn | D19: 11000 | E19: =0.16 -> 0.16 | F19: =E19*D19 -> 1760 | G19: =F19*'[1]gia ban'!$G$25*0.3/85*100 -> 228096000
A20: 4 | B20: Điện sản xuất | C20: Kwh | D20: 1.65 | E20: ='[2]Z kinh trang'!E20 -> 130 | F20: =E20*D20 -> 214.5 | G20: =F20*'[1]gia ban'!$G$25*0.3/85*100 -> 27799200
A21: 5 | B21: Chi phí SX Nitơ và Hiđro | F21: =7500/140 -> 53.571429 | G21: =F21*'[1]gia ban'!$G$25*0.3/85*100 -> 6942857.1
A22: 6 | B22: Thiếc | C22: Kg | D22: ='[2]Z kinh trang'!D22 -> 402.3 | E22: ='[2]Z kinh trang'!E22 -> 0.0025 | F22: =E22*D22 -> 1.00575 | G22: =F22*'[1]gia ban'!$G$25*0.3/85*100 -> 130345.2
A23: 7 | B23: Bao bì | C23: 1000 đồng | D23: 95 | E23: ='[2]Z kinh trang'!E23 -> 0.5 | F23: =E23*D23 -> 47.5 | G23: =F23*'[1]gia ban'!$G$25*0.3 -> 5232600
A24: B | B24: Chi phí nhân công trực tiếp | F24: ='[1]Quy luong'!H21/'[1]gia ban'!G25 -> 329.89091 | G24: =F24*'[1]gia ban'!$G$25*0.3/85*100 -> 42753862
A25: C | B25: Chi phí sản xuất chung | F25: ='[1]CP SXC'!G16/'[1]gia ban'!G25 -> 234.6749 | G25: =F25*'[1]gia ban'!$G$25*0.3/85*100 -> 30413867
B26: Giá thành công xưởng | F26: =F25+F24+F5 -> 4293.9277 | G26: =F26*'[1]gia ban'!$G$25*0.3/85*100 -> 5.5649302e+08
A27: D | B27: Chi phí quản lý doanh nghiệp | F27: ='[1]CP QL'!D17/'[1]gia ban'!G25 -> 116.36741 | G27: =F27*'[1]gia ban'!$G$25*0.3/85*100 -> 15081217
A28: E | B28: Chi phí bán hàng | F28: ='[1]CP ban hang'!D15/'[1]gia ban'!G25 -> 662.40321 | G28: =F28*'[1]gia ban'!$G$25*0.3 -> 72970338
B29: Khấu hao
B30: Tổng cộng | F30: =SUM(F26:F28) -> 5072.6983 | G30: =SUM(G26:G28) -> 6.4454458e+08

Sheet Bảng 15 -Giá bán
A1: BẢNG 15: TÍNH GIÁ BÁN
A3: Số TT | B3: Chủng loại kính | C3: Kg/m2 | D3: Tỷ lệ | E3: Giá bán (đồng) | F3: Giá dự án | G3: Giá bán Bình quân tấn/m2QTC (đồng) | H3: Tổng giá bán bình quân | I3: Giá bán bq kính trắng | J3: Giá bán bq kính màu
A4: 1 | B4: Kính trắng 2mm | C4: 5 | D4: 0.02 | E4: 45000 | G4: 45000 | H4: =(D4*G4+D5*G5+D6*G6+D7*G7+D8*G8+D9*G9+D10*G10+D11*G11+D12*G12+D13*G13+D14*G14+D15*G15+D16*G16+D17*G17+D18*G18+D19*G19+D20*G20+D21*G21+D22*G22)/100*100 -> 47637.662 | I4: =D4*G4+G5*D5+G7*D7+G9*D9+G10*D10+G12*D12+G14*D14+G15*D15+G17*D17+G18*D18+G20*D20+G21*D21+G22*D22 -> 32383.566 | J4: =G6*D6+G8*D8+G11*D11+G13*D13+G16*D16+G19*D19 -> 15254.095
A5: 2 | B5: Kính trắng 4mm | C5: 10 | D5: 0.12 | E5: 85000 | G5: =E5/2 -> 42500 | I5: =D4+D5+D7+D9+D10+D12+D14+D15+D17+D18+D20+D21+D22 -> 0.7 | J5: 0.3 | K5: 60700 | L5: =E5-K5 -> 24300 | M5: =L5/K5 -> 0.40032949
A6: 3 | B6: Kính mầu 4mm | C6: 10 | D6: 0.1 | E6: 98000 | F6: =E6*D6/2.5 -> 3920 | G6: =E6/2 -> 49000 | I6: =I4/I5 -> 46262.238 | J6: =J4/J5 -> 50846.984 | L6: =E6-K6 -> 98000 | M6: =L6/K6 -> #DIV/0!
A7: 4 | B7: Kính trắng 5 mm | C7: 12.5 | D7: 0.13 | E7: 106000 | F7: =E7*D7/2.5 -> 5512 | G7: =E7/2.5 -> 42400 | I7: =I6*200 -> 9252447.5 | J7: =J6*200 -> 10169397 | K7: 76000 | L7: =E7-K7 -> 30000 | M7: =L7/K7 -> 0.39473684
A8: 5 | B8: Kính mầu 5 mm | C8: 12.5 | D8: 0.1 | E8: 128700 | F8: =E8*D8/4 -> 3217.5 | G8: =E8/2.5 -> 51480 | H8: 0.8 | I8: =I7*H8 -> 7401958 | J8: =J7*H8 -> 8135517.5 | L8: =E8-K8 -> 128700 | M8: =L8/K8 -> #DIV/0!
A9: 6 | B9: Kính trắng 6 mm | C9: 15 | D9: 0.02 | E9: 136000 | G9: =E9/3 -> 45333.333 | K9: 77200 | L9: =E9-K9 -> 58800 | M9: =L9/K9 -> 0.76165803
A10: 7 | B10: Kính trắng 7 mm | C10: 17.5 | D10: 0.04 | E10: 157000 | G10: =E10/3.5 -> 44857.143 | K10: 107000 | L10: =E10-K10 -> 50000 | M10: =L10/K10 -> 0.46728972
A11: 8 | B11: Kính mầu 7 mm | C11: 17.5 | D11: 0.02 | E11: 170000 | G11: =E11/3.5 -> 48571.429 | L11: =E11-K11 -> 170000 | M11: =L11/K11 -> #DIV/0!
A12: 9 | B12: Kính trắng 8 mm | C12: 20 | D12: 0.1 | E12: 176000 | G12: =E12/4 -> 44000 | L12: =E12-K12 -> 176000 | M12: =L12/K12 -> #DIV/0!
A13: 10 | B13: Kính mầu 8 mm | C13: 20 | D13: 0.04 | E13: 220000 | F13: =E13*D13/5 -> 1760 | G13: =E13/4 -> 55000 | L13: =E13-K13 -> 220000 | M13: =L13/K13 -> #DIV/0!
A14: 11 | B14: Kính trắng 9 mm | C14: 22.5 | D14: 0.02 | E14: 192000 | G14: =E14/4.5 -> 42666.667 | K14: 129000 | L14: =E14-K14 -> 63000 | M14: =L14/K14 -> 0.48837209
A15: 12 | B15: Kính trắng 10 mm | C15: 25 | D15: 0.05 | E15: 222000 | G15: =E15/5 -> 44400
A16: 13 | B16: Kính mầu 10 mm | C16: 25 | D16: 0.02 | E16: 267000 | F16: =E16*D16/6 -> 890 | G16: =E16/5 -> 53400
A17: 14 | B17: Kính trắng 10 mm (khổ lớn) | C17: 25 | D17: 0.05 | E17: 228000 | G17: =E17/5 -> 45600
A18: 15 | B18: Kính trắng 12 mm | C18: 30 | D18: 0.05 | E18: 276000 | G18: =E18/6 -> 46000
A19: 16 | B19: Kính mầu 12 mm | C19: 30 | D19: 0.02 | E19: 290000 | G19: =E19/6 -> 48333.333
A20: 17 | B20: Kính trắng 12 mm (khổ lớn) | C20: 30 | D20: 0.05 | E20: 295000 | G20: =E20/6 -> 49166.667
A21: 18 | B21: Kính trắng 15 mm | C21: 37.5 | D21: 0.03 | E21: 520000 | G21: =E21/7.5 -> 69333.333
A22: 19 | B22: Kính trắng 19mm | C22: 47.5 | D22: 0.02 | E22: 750000 | G22: =E22/9.5 -> 78947.368
B23: Tổng cộng | D23: =SUM(D4:D22) -> 1
B24: Giá bán thưc tế BQ/m2QTC | G24: =H4 -> 47637.662 | H24: đồng/m2
B25: Tổng sản lượng dự kiến 1 năm | G25: =[3]TMDT!$C$22*0.85*360 -> 367200
B26: Giá bán thực tế BQ/tấn SP QTC | G26: =H4*200 -> 9527532.3
B27: Giá bán nội địa DA/tấn QTC | C27: 0.8 | D27: Giá bán thực tế | G27: =$G$26*C27 -> 7622025.9
B28: Giá bán xuất khẩu DA/tấn QTC | C28: 0.8 | D28: Giá bán thực tế | G28: =$G$26*C28 -> 7622025.9
B29: Giá bán bình quân DA/tấn QTC | G29: =70%*G27+30%*G28 -> 7622025.9
G31: 1
B32: Giá bán nước cho sinh hoạt | D32: 9500
B34: Giá bán nước cho nhu cầu thương mại | D34: 10000
B36: Giá bán nước cho công cộng và công sở | D36: 10000
B38: Giá bán nước cho công nghiệp | D38: 12000

Sheet Sheet1
A1: STT | B1: Cơ cấu nguồn vốn | C1: Tổng mức ĐT
C2: Số tiền | D2: Tỷ trọng
A3: 1 | B3: Vốn tự có | C3: ='Thong so - Độ nhậy - Bảng 1'!C15 -> 51509 | D3: =C3/C5 -> 0.30032826
A4: 2 | B4: Vốn vay nội tệ NHTM | C4: ='Thong so - Độ nhậy - Bảng 1'!C16 -> 120000 | D4: =C4/C5 -> 0.69967174
B5: Tổng cộng | C5: =SUM(C3:C4) -> 171509 | D5: 1
H6: 9.5 | I6: 35.4
H7: 5.6 | I7: 152

Sheet Sheet2
G9: 2078000
G10: 0.3
G11: =G9*G10 -> 623400
G12: =G9-G11 -> 1454600

Sheet Sheet3
A2: STT | B2: Khoản mục chi phí | C2: Đơn vị | D2: Đơn giá (1000đ) | E2: Định mức tiêu hao | F2: Giá thành (1000đ) | G2: Tỷ trọng | J2: STT | K2: Khoản mục chi phí | L2: Giá thành (nghìn đồng) | M2: Tỷ trọng
A3: A | B3: Chi phí trực tiếp | F3: =F4+F11+F15+F18+F19+F20+F21 -> 3536.0218 | G3: =F3/$F$27 -> 0.63376856 | J3: 1 | K3: Nguyên liệu (cát, fenpast, đolomit. Natri snffat.) | L3: =F4+F13 -> 560.64467 | M3: =L3/$L$10 -> 0.10136677
A4: 1 | B4: Nguyên liệu trong nước | F4: =SUM(F5:F10) -> 538.24467 | G4: =F4/$F$27 -> 0.096470712 | J4: 2 | K4: Hóa chất ( soda, tạo màu) | L4: =F12+F14 -> 1008.8 | M4: =L4/$L$10 -> 0.18239503
A5: 1.1 | B5: Cát trắng | C5: Tấn | D5: 420 | E5: 0.573 | F5: =E5*D5 -> 240.66 | G5: =F5/$F$27 -> 0.043133993 | J5: 3 | K5: Nhiên liệu (Dầu, khí) | L5: =F15+F19 -> 1703.5714 | M5: =L5/$L$10 -> 0.30801245
A6: 1.2 | B6: Fenspat | C6: Tấn | D6: 608 | E6: 0.036 | F6: =E6*D6 -> 21.888 | G6: =F6/$F$27 -> 0.0039230318 | J6: 4 | K6: Điện | L6: =F18 -> 214.5 | M6: =L6/$L$10 -> 0.038782448
A7: 1.3 | B7: Đô lô mít | C7: Tấn | D7: 360 | E7: 0.145 | F7: =E7*D7 -> 52.2 | G7: =F7/$F$27 -> 0.0093559147 | J7: 5 | K7: Nhân công , quản lý, chung | L7: =F22+F23+F24 -> 680.93322 | M7: =L7/$L$10 -> 0.12311542
A8: 1.4 | B8: Đá vôi | C8: Tấn | D8: 340 | E8: 0.042 | F8: =E8*D8 -> 14.28 | G8: =F8/$F$27 -> 0.0025594341 | J8: 6 | K8: Bán hàng | L8: =F25 -> 662.40321 | M8: =L8/$L$10 -> 0.11976512
A9: 1.5 | B9: Than | C9: Tấn | D9: 4000 | E9: 0.0007 | F9: =E9*D9 -> 2.8 | G9: =F9/$F$27 -> 0.00050184983 | J9: 7 | K9: Khấu hao và lãi vay | L9: =F26 -> 700 | M9: =L9/$L$10 -> 0.12656277
A10: 1.6 | B10: Kính vụn | C10: Tấn | D10: 2500 | E10: =0.2477/3 -> 0.082566667 | F10: =E10*D10 -> 206.41667 | G10: =F10/$F$27 -> 0.036996489 | J10: Tổng | L10: =SUM(L3:L9) -> 5530.8525 | M10: =L10/$L$10 -> 1
A11: 2 | B11: Nguyên liệu nhập ngoại | F11: =F12+F13 -> 1031.2 | G11: =F11/$F$27 -> 0.18482412
A12: 2.1 | B12: Sô đa | C12: Tấn | D12: 5200 | E12: 0.194 | F12: =E12*D12 -> 1008.8 | G12: =F12/$F$27 -> 0.18080932
A13: 2.2 | B13: Sun phát Natri | C13: Tấn | D13: 2800 | E13: 0.008 | F13: =E13*D13 -> 22.4 | G13: =F13/$F$27 -> 0.0040147986
A14: 2.3 | B14: Hoá chất tạo màu | G14: =F14/$F$27 -> 0
A15: 3 | B15: Nhiên liệu | F15: =F16+F17 -> 1650 | G15: =F15/$F$27 -> 0.29573293
A16: 3.1 | B16: Khí thiên nhiên | C16: M3 | D16: 7310 | E16: 0 | F16: =E16*D16 -> 0 | G16: =F16/$F$27 -> 0
A17: 3.2 | B17: Dầu | C17: Tấn | D17: 11000 | E17: 0.15 | F17: =E17*D17 -> 1650 | G17: =F17/$F$27 -> 0.29573293
A18: 4 | B18: Điện sản xuất | C18: Kwh | D18: 1.65 | E18: 130 | F18: =E18*D18 -> 214.5 | G18: =F18/$F$27 -> 0.038445282
A19: 5 | B19: Chi phí SX Nitơ và Hiđro | F19: =7500/140 -> 53.571429 | G19: =F19/$F$27 -> 0.0096017187
A20: 6 | B20: Thiếc | C20: Kg | D20: =1.8*223.5 -> 402.3 | E20: 0.0025 | F20: =E20*D20 -> 1.00575 | G20: =F20/$F$27 -> 0.00018026267
A21: 7 | B21: Bao bì | C21: 1000 đồng | D21: 95 | E21: 0.5 | F21: =D21*E21 -> 47.5 | G21: =F21/$F$27 -> 0.0085135239
A22: B | B22: Chi phí nhân công trực tiếp | F22: ='[1]Quy luong'!H21/'[1]gia ban'!G25 -> 329.89091 | G22: =F22/$F$27 -> 0.059127034
A23: C | B23: Chi phí sản xuất chung | F23: ='[1]CP SXC'!G16/'[1]gia ban'!G25 -> 234.6749 | G23: =F23/$F$27 -> 0.042061271
A24: D | B24: Chi phí quản lý doanh nghiệp | F24: ='[1]CP QL'!D17/'[1]gia ban'!G25 -> 116.36741 | G24: =F24/$F$27 -> 0.020856774
A25: E | B25: Chi phí bán hàng | F25: ='[1]CP ban hang'!D15/'[1]gia ban'!G25 -> 662.40321 | G25: =F25/$F$27 -> 0.11872391
A26: F | B26: Khấu hao và lãi vay | F26: 700 | G26: =F26/$F$27 -> 0.12546246
B27: Tổng cộng | F27: =F3+F22+F23+F24+F25+F26 -> 5579.3583 | G27: =F27/$F$27 -> 1

Sheet Sheet4
A1: Quyền phán quyết cấp tín dụng theo QĐ số 31/QĐ-HĐTV-KHDN ngày 15/01/2014 và Thông báo số 371/NHNo-KHDN ngày 20/01/2016 | B1: KHDN Xếp loại A | C1: Công ty TNHH Công nghiệp Hạ Long CFG (khách hàng xếp loại A)
B2: Tổng mức cấp tín dụng | C2: Tổng mức cấp TD đến thời điểm xin vay (1) | D2: Đề xuất mớí (2) | E2: Tổng mức cấp tín dụng (1)+(2)
A3: Agribank Chi nhánh Sở Giao dịch | B3: ≤ 120 tỷ đồng
A4: Agribank Chi nhánh Quảng Nam | B4: ≤ 150 tỷ đồng
A5: Tổng giám đốc | B5: ≤ 500 tỷ đồng
A6: TGĐ phải qua Hội đồng tín dụng | B6: ≤ 1000 tỷ đồng
A7: Hội đồng thành viên | B7: > 1000 tỷ đồng | C7: 0 | D7: 2.078 tỷ đồng | E7: 2.078 tỷ đồng

Sheet Lãi vay thi công
A2: BẢNG 9: BẢNG TÍNH LÃI VAY THI CÔNG VÀ LỊCH RÚT VỐN
A5: STT | B5: Chỉ tiêu | C5: Giá trị | D5: Thời gian thực hiện | J5: Tổng cộng
D6: Kỳ I (QIII/2017) | E6: Kỳ II (QIV/2017) | F6: (QI/2018) | G6: (QII/2018) | H6: Kỳ III (QIII/2018) | I6: Kỳ IV (QIV/2018)
A7: 1 | B7: Tổng mức đầu tư trước thuế | C7: =C8 -> 171508.58
A8: 2 | B8: Tổng mức đầu tư sau thuế | C8: =C9+C10 -> 171508.58
B9: Vốn tự có | C9: ='[4]Thông số-Bảng 2'!F6-'Lãi vay thi công'!C10 -> 51508.58
B10: Vốn vay NH | C10: =J14 -> 120000 | K10: 171509
A11: 3 | B11: Tiến độ thực hiện dự án | D11: =D12+D14 -> 113200 | E11: =E12+E14 -> 40450 | F11: =F12+F14 -> 820 | G11: =G12+G14 -> 0 | H11: =H12+H14 -> 0 | I11: =I12+I14 -> 17039 | J11: =SUM(D11:I11) -> 171509 | K11: Tỷ lệ vốn đối ứng
A12: 4 | B12: Tiến độ vốn đối ứng | D12: 34000 | E12: 12150 | F12: 250 | G12: 0 | H12: 0 | I12: 5109 | J12: =SUM(D12:I12) -> 51509 | K12: =D12/D11 -> 0.30035336 | L12: =E12/E11 -> 0.30037083 | M12: =F12/F11 -> 0.30487805 | N12: =I12/I11 -> 0.29984154
A13: 4 | B13: Tiến độ giải ngân vốn vay | D13: =D14/$J$14 -> 0.66 | E13: =E14/$J$14 -> 0.23583333 | F13: =F14/$J$14 -> 0.00475 | G13: 0 | H13: 0 | I13: =I14/$J$14 -> 0.099416667 | J13: =SUM(D13:I13) -> 1
A14: 5 | B14: Vay ngân hàng | D14: 79200 | E14: 28300 | F14: 570 | G14: 0 | H14: 0 | I14: 11930 | J14: =SUM(D14:I14) -> 120000
A15: 6 | B15: Lãi suất vay (Quý) | D15: ='[4]Thông số-Bảng 2'!$F$21/4 -> 0.025 | E15: ='[4]Thông số-Bảng 2'!$F$21/4 -> 0.025 | F15: ='[4]Thông số-Bảng 2'!$F$21/4 -> 0.025 | G15: ='[4]Thông số-Bảng 2'!$F$21/4 -> 0.025 | H15: ='[4]Thông số-Bảng 2'!$F$21/4 -> 0.025 | I15: ='[4]Thông số-Bảng 2'!$F$21/4 -> 0.025
B16: Tổng lãi vay phải trả | D16: =D15*D14 -> 1980 | E16: =(D14+E14)*E15 -> 2687.5 | F16: =(D14+E14+F14)*F15 -> 2701.75 | G16: =(D14+E14+F14+G14)*G15 -> 2701.75 | H16: =(D14+E14+H14+F14+G14)*H15 -> 2701.75 | I16: =(D14+E14+F14+I14+G14+H14)*I15 -> 3000 | J16: =SUM(D16:I16) -> 15772.75 | K16: 15733
